{"config": {"hp_config.clip_eps": 0.2744067519636624, "hp_config.ent_coef": 0.35759468318620974, "hp_config.gae_lambda": 0.9204923988767216, "hp_config.learning_rate": 0.0005301709347576831, "hp_config.max_grad_norm": 0.4236547993389047, "hp_config.minibatch_size": 64, "hp_config.normalize_advantage": true, "hp_config.vf_clip_eps": 0.4458865003910399, "hp_config.vf_coef": 0.9636627605010293}, "score": 0.0, "budget_used": 80000, "total_wallclock_time": -177.17954087257385, "total_optimization_time": 0.0007190704345703125}
{"config": {"hp_config.clip_eps": 0.32928810235639483, "hp_config.ent_coef": 0.05679136226715348, "hp_config.gae_lambda": 0.902654814290529, "hp_config.learning_rate": 0.00042413674780614647, "hp_config.max_grad_norm": 0.5083857592066856, "hp_config.minibatch_size": 64, "hp_config.normalize_advantage": false, "hp_config.vf_clip_eps": 0.5, "hp_config.vf_coef": 1.0}, "score": 0.0, "budget_used": 160000, "total_wallclock_time": -355.1041078567505, "total_optimization_time": 0.03583526611328125}
{"config": {"hp_config.clip_eps": 0.34919828690681, "hp_config.ent_coef": 0.03696338183399561, "hp_config.gae_lambda": 0.8, "hp_config.learning_rate": 0.0013385861241245259, "hp_config.max_grad_norm": 0.2547739113018676, "hp_config.minibatch_size": 64, "hp_config.normalize_advantage": true, "hp_config.vf_clip_eps": 0.21017367760172745, "hp_config.vf_coef": 0.5947495664487771}, "score": 0.1741468757390976, "budget_used": 240000, "total_wallclock_time": -536.4560339450836, "total_optimization_time": 0.09266233444213867}
{"config": {"hp_config.clip_eps": 0.419037944288172, "hp_config.ent_coef": 0.04435605820079473, "hp_config.gae_lambda": 0.8, "hp_config.learning_rate": 0.0016063033489494315, "hp_config.max_grad_norm": 0.30572869356224114, "hp_config.minibatch_size": 64, "hp_config.normalize_advantage": true, "hp_config.vf_clip_eps": 0.16813894208138197, "hp_config.vf_coef": 0.7136994797385324}, "score": 0.1741468757390976, "budget_used": 320000, "total_wallclock_time": -722.7991509437561, "total_optimization_time": 0.11395144462585449}
{"config": {"hp_config.clip_eps": 0.5, "hp_config.ent_coef": 0.09637271605625752, "hp_config.gae_lambda": 0.9216484068220012, "hp_config.learning_rate": 0.0002311922368883247, "hp_config.max_grad_norm": 0.36687443227468935, "hp_config.minibatch_size": 64, "hp_config.normalize_advantage": true, "hp_config.vf_clip_eps": 0.3256420990022352, "hp_config.vf_coef": 0.8564393756862388}, "score": 0.3758031129837036, "budget_used": 400000, "total_wallclock_time": -909.5264370441437, "total_optimization_time": 0.12637758255004883}
{"config": {"hp_config.clip_eps": 0.4, "hp_config.ent_coef": 0.07709817284500603, "hp_config.gae_lambda": 0.8, "hp_config.learning_rate": 0.00018495378951065994, "hp_config.max_grad_norm": 0.2934995458197515, "hp_config.minibatch_size": 64, "hp_config.normalize_advantage": true, "hp_config.vf_clip_eps": 0.3907705188026822, "hp_config.vf_coef": 1.0}, "score": 0.5784437656402588, "budget_used": 480000, "total_wallclock_time": -1100.5821380615234, "total_optimization_time": 0.13981342315673828}
{"config": {"hp_config.clip_eps": 0.32000000000000006, "hp_config.ent_coef": 0.09102407910993188, "hp_config.gae_lambda": 0.8, "hp_config.learning_rate": 0.00022194454741279198, "hp_config.max_grad_norm": 0.43599480691077286, "hp_config.minibatch_size": 64, "hp_config.normalize_advantage": true, "hp_config.vf_clip_eps": 0.31261641504214577, "hp_config.vf_coef": 1.0}, "score": 0.8456655740737915, "budget_used": 560000, "total_wallclock_time": -1297.2528319358826, "total_optimization_time": 0.15362215042114258}
{"config": {"hp_config.clip_eps": 0.38400000000000006, "hp_config.ent_coef": 0.07281926328794551, "hp_config.gae_lambda": 0.96, "hp_config.learning_rate": 0.00017755563793023373, "hp_config.max_grad_norm": 0.3487958455286183, "hp_config.minibatch_size": 64, "hp_config.normalize_advantage": true, "hp_config.vf_clip_eps": 0.09399620414183668, "hp_config.vf_coef": 0.8}, "score": 0.9636343717575073, "budget_used": 640000, "total_wallclock_time": -1495.7430708408356, "total_optimization_time": 0.18109822273254395}
{"config": {"hp_config.clip_eps": 0.46080000000000004, "hp_config.ent_coef": 0.05825541063035641, "hp_config.gae_lambda": 0.8, "hp_config.learning_rate": 0.03864576505951192, "hp_config.max_grad_norm": 0.41855501463434197, "hp_config.minibatch_size": 64, "hp_config.normalize_advantage": true, "hp_config.vf_clip_eps": 0.11279544497020401, "hp_config.vf_coef": 0.6400000000000001}, "score": 0.9636343717575073, "budget_used": 720000, "total_wallclock_time": -1700.0030691623688, "total_optimization_time": 0.20586395263671875}
{"config": {"hp_config.clip_eps": 0.5, "hp_config.ent_coef": 0.046604328504285135, "hp_config.gae_lambda": 0.96, "hp_config.learning_rate": 0.03091661204760951, "hp_config.max_grad_norm": 0.3348440117074736, "hp_config.minibatch_size": 64, "hp_config.normalize_advantage": true, "hp_config.vf_clip_eps": 0.09023635597616321, "hp_config.vf_coef": 0.7680000000000001}, "score": 0.9636343717575073, "budget_used": 800000, "total_wallclock_time": -1898.2088558673859, "total_optimization_time": 0.22637319564819336}
{"config": {"hp_config.clip_eps": 0.38147528291234545, "hp_config.ent_coef": 0.05592519420514216, "hp_config.gae_lambda": 0.8, "hp_config.learning_rate": 0.037099934457131424, "hp_config.max_grad_norm": 0.26787520936597886, "hp_config.minibatch_size": 64, "hp_config.normalize_advantage": true, "hp_config.vf_clip_eps": 0.2411964030249556, "hp_config.vf_coef": 0.6144000000000002}, "score": 0.9636343717575073, "budget_used": 880000, "total_wallclock_time": -2116.3529329299927, "total_optimization_time": 0.2653312683105469}
{"config": {"hp_config.clip_eps": 0.3051802263298764, "hp_config.ent_coef": 0.06711023304617059, "hp_config.gae_lambda": 0.847252891813686, "hp_config.learning_rate": 0.04451992134855772, "hp_config.max_grad_norm": 0.32145025123917464, "hp_config.minibatch_size": 64, "hp_config.normalize_advantage": true, "hp_config.vf_clip_eps": 0.15197426890491117, "hp_config.vf_coef": 0.9485411898818207}, "score": 0.9636343717575073, "budget_used": 960000, "total_wallclock_time": -2324.212548017502, "total_optimization_time": 0.29334020614624023}
{"config": {"hp_config.clip_eps": 0.3662162715958517, "hp_config.ent_coef": 0.0805322796554047, "hp_config.gae_lambda": 0.8, "hp_config.learning_rate": 0.03561593707884621, "hp_config.max_grad_norm": 0.17275306392674494, "hp_config.minibatch_size": 64, "hp_config.normalize_advantage": false, "hp_config.vf_clip_eps": 0.12157941512392895, "hp_config.vf_coef": 0.7588329519054566}, "score": 0.9636343717575073, "budget_used": 1040000, "total_wallclock_time": -2540.3323171138763, "total_optimization_time": 0.3396134376525879}
{"config": {"hp_config.clip_eps": 0.29297301727668135, "hp_config.ent_coef": 0.12086546646536506, "hp_config.gae_lambda": 0.9254704936910366, "hp_config.learning_rate": 0.028492749663076994, "hp_config.max_grad_norm": 0.13820245114139595, "hp_config.minibatch_size": 64, "hp_config.normalize_advantage": false, "hp_config.vf_clip_eps": 0.14589529814871474, "hp_config.vf_coef": 0.9105995422865479}, "score": 0.9636343717575073, "budget_used": 1120000, "total_wallclock_time": -2756.140009880066, "total_optimization_time": 0.4046742916107178}
{"config": {"hp_config.clip_eps": 0.3515676207320176, "hp_config.ent_coef": 0.1361912306164979, "hp_config.gae_lambda": 0.9495085242800455, "hp_config.learning_rate": 0.0341912995956924, "hp_config.max_grad_norm": 0.6605511478686842, "hp_config.minibatch_size": 64, "hp_config.normalize_advantage": false, "hp_config.vf_clip_eps": 0.17507435777845767, "hp_config.vf_coef": 0.7284796338292384}, "score": 0.9636343717575073, "budget_used": 1200000, "total_wallclock_time": -2971.0288438796997, "total_optimization_time": 0.4520585536956787}
{"config": {"hp_config.clip_eps": 0.15529255179558143, "hp_config.ent_coef": 0.10895298449319833, "hp_config.gae_lambda": 0.8562761655709753,