{"config": {"hp_config.clip_eps": 0.19172075941288885, "hp_config.ent_coef": 0.3958625190413323, "hp_config.gae_lambda": 0.9057260944586056, "hp_config.learning_rate": 0.0006921859910208612, "hp_config.max_grad_norm": 0.925596638292661, "hp_config.minibatch_size": 32, "hp_config.normalize_advantage": true, "hp_config.vf_clip_eps": 0.01010919872016286, "hp_config.vf_coef": 0.832619845547938}, "score": 0.9692734479904175, "budget_used": 320000, "total_wallclock_time": -173.46182990074158, "total_optimization_time": 0.0015900135040283203}
{"config": {"hp_config.clip_eps": 0.2300649112954666, "hp_config.ent_coef": 0.47479977288831604, "hp_config.gae_lambda": 0.9999, "hp_config.learning_rate": 0.000553748792816689, "hp_config.max_grad_norm": 0.7404773106341289, "hp_config.minibatch_size": 32, "hp_config.normalize_advantage": true, "hp_config.vf_clip_eps": 0.008087358976130289, "hp_config.vf_coef": 0.130051009330848}, "score": 0.9692734479904175, "budget_used": 640000, "total_wallclock_time": -371.85644698143005, "total_optimization_time": 0.04908299446105957}
{"config": {"hp_config.clip_eps": 0.3825396567356736, "hp_config.ent_coef": 0.5, "hp_config.gae_lambda": 0.9999, "hp_config.learning_rate": 0.00022599876869000302, "hp_config.max_grad_norm": 0.8885727727609547, "hp_config.minibatch_size": 64, "hp_config.normalize_advantage": true, "hp_config.vf_clip_eps": 0.4272983871896956, "hp_config.vf_coef": 0.1560612111970176}, "score": 0.9692734479904175, "budget_used": 960000, "total_wallclock_time": -570.5629410743713, "total_optimization_time": 0.09956479072570801}
{"config": {"hp_config.clip_eps": 0.45904758808280827, "hp_config.ent_coef": 0.5, "hp_config.gae_lambda": 0.8, "hp_config.learning_rate": 0.0002711985224280037, "hp_config.max_grad_norm": 0.3420330514953924, "hp_config.minibatch_size": 64, "hp_config.normalize_advantage": true, "hp_config.vf_clip_eps": 0.5, "hp_config.vf_coef": 0.12484896895761409}, "score": 0.9692734479904175, "budget_used": 1280000, "total_wallclock_time": -762.0201847553253, "total_optimization_time": 0.12042784690856934}
{"config": {"hp_config.clip_eps": 0.5, "hp_config.ent_coef": 0.5, "hp_config.gae_lambda": 0.9124753948675297, "hp_config.learning_rate": 0.00032543822691360455, "hp_config.max_grad_norm": 0.27362644119631396, "hp_config.minibatch_size": 128, "hp_config.normalize_advantage": true, "hp_config.vf_clip_eps": 0.5, "hp_config.vf_coef": 0.9926705369984653}, "score": 0.9692734479904175, "budget_used": 1600000, "total_wallclock_time": -945.3909888267517, "total_optimization_time": 0.14243006706237793}
{"config": {"hp_config.clip_eps": 0.5, "hp_config.ent_coef": 0.5, "hp_config.gae_lambda": 0.9124753948675297, "hp_config.learning_rate": 0.00032543822691360455, "hp_config.max_grad_norm": 0.27362644119631396, "hp_config.minibatch_size": 128, "hp_config.normalize_advantage": true, "hp_config.vf_clip_eps": 0.5, "hp_config.vf_coef": 0.9926705369984653}, "score": 0.9692734479904175, "budget_used": 1620000, "total_wallclock_time": -956.2367370128632, "total_optimization_time": 0.15106201171875}
