{"config": {"hp_config.clip_eps": 0.19172075941288885, "hp_config.ent_coef": 0.3958625190413323, "hp_config.gae_lambda": 0.9057260944586056, "hp_config.learning_rate": 0.0006921859910208612, "hp_config.max_grad_norm": 0.925596638292661, "hp_config.minibatch_size": 32, "hp_config.normalize_advantage": true, "hp_config.vf_clip_eps": 0.01010919872016286, "hp_config.vf_coef": 0.832619845547938}, "score": -104.890625, "budget_used": 160000, "total_wallclock_time": -56.68320894241333, "total_optimization_time": 0.0006527900695800781}
{"config": {"hp_config.clip_eps": 0.40647208888861047, "hp_config.ent_coef": 0.12622953664430453, "hp_config.gae_lambda": 0.8164243023360835, "hp_config.learning_rate": 3.0215636111031163e-05, "hp_config.max_grad_norm": 0.43645292513114714, "hp_config.minibatch_size": 64, "hp_config.normalize_advantage": true, "hp_config.vf_clip_eps": 0.046340529467075564, "hp_config.vf_coef": 0.12245377289763368}, "score": -83.9765625, "budget_used": 320000, "total_wallclock_time": -116.84218978881836, "total_optimization_time": 0.034433841705322266}
{"config": {"hp_config.clip_eps": 0.44885316371113215, "hp_config.ent_coef": 0.15147544397316542, "hp_config.gae_lambda": 0.9797091628033002, "hp_config.learning_rate": 2.417250888882491e-05, "hp_config.max_grad_norm": 0.34916234010491776, "hp_config.minibatch_size": 64, "hp_config.normalize_advantage": true, "hp_config.vf_clip_eps": 0.03707242357366045, "hp_config.vf_coef": 0.1469445274771604}, "score": -83.9765625, "budget_used": 480000, "total_wallclock_time": -175.19538688659668, "total_optimization_time": 0.09692168235778809}
{"config": {"hp_config.clip_eps": 0.31466562538538817, "hp_config.ent_coef": 0.17148319570197806, "hp_config.gae_lambda": 0.8, "hp_config.learning_rate": 3.2496793831941515e-05, "hp_config.max_grad_norm": 0.47463584947111026, "hp_config.minibatch_size": 64, "hp_config.normalize_advantage": true, "hp_config.vf_clip_eps": 0.11454041316711581, "hp_config.vf_coef": 0.4377330514185715}, "score": -82.265625, "budget_used": 640000, "total_wallclock_time": -236.88455510139465, "total_optimization_time": 0.10872745513916016}
{"config": {"hp_config.clip_eps": 0.37759875046246577, "hp_config.ent_coef": 0.13718655656158246, "hp_config.gae_lambda": 0.96, "hp_config.learning_rate": 3.899615259832982e-05, "hp_config.max_grad_norm": 0.5695630193653323, "hp_config.minibatch_size": 64, "hp_config.normalize_advantage": true, "hp_config.vf_clip_eps": 0.09163233053369266, "hp_config.vf_coef": 0.5252796617022858}, "score": -80.3125, "budget_used": 800000, "total_wallclock_time": -302.53389072418213, "total_optimization_time": 0.13177037239074707}
{"config": {"hp_config.clip_eps": 0.4883997494149619, "hp_config.ent_coef": 0.10974924524926598, "hp_config.gae_lambda": 0.8364483054921186, "hp_config.learning_rate": 3.1196922078663834e-05, "hp_config.max_grad_norm": 0.12449516927511584, "hp_config.minibatch_size": 64, "hp_config.normalize_advantage": true, "hp_config.vf_clip_eps": 0.0438952955428803, "hp_config.vf_coef": 0.630335594042743}, "score": -80.3125, "budget_used": 960000, "total_wallclock_time": -361.0107069015503, "total_optimization_time": 0.1442852020263672}
{"config": {"hp_config.clip_eps": 0.5, "hp_config.ent_coef": 0.024608695600657426, "hp_config.gae_lambda": 0.8, "hp_config.learning_rate": 0.09839483981587854, "hp_config.max_grad_norm": 0.6727168638344513, "hp_config.minibatch_size": 64, "hp_config.normalize_advantage": true, "hp_config.vf_clip_eps": 0.052674354651456354, "hp_config.vf_coef": 0.5042684752341944}, "score": -80.3125, "budget_used": 1120000, "total_wallclock_time": -421.62579679489136, "total_optimization_time": 0.166062593460083}
{"config": {"hp_config.clip_eps": 0.4, "hp_config.ent_coef": 0.35049202682997377, "hp_config.gae_lambda": 0.8, "hp_config.learning_rate": 4.105390428181387e-06, "hp_config.max_grad_norm": 0.3726161980822109, "hp_config.minibatch_size": 64, "hp_config.normalize_advantage": true, "hp_config.vf_clip_eps": 0.042139483721165084, "hp_config.vf_coef": 0.6051221702810332}, "score": -80.3125, "budget_used": 1280000, "total_wallclock_time": -480.36860179901123, "total_optimization_time": 0.19462347030639648}
{"config": {"hp_config.clip_eps": 0.48, "hp_config.ent_coef": 0.42059043219596853, "hp_config.gae_lambda": 0.96, "hp_config.learning_rate": 3.284312342545107e-06, "hp_config.max_grad_norm": 0.2980929584657687, "hp_config.minibatch_size": 64, "hp_config.normalize_advantage": true, "hp_config.vf_clip_eps": 0.03371158697693207, "hp_config.vf_coef": 0.4840977362248266}, "score": -80.3125, "budget_used": 1440000, "total_wallclock_time": -538.5764029026031, "total_optimization_time": 0.20894956588745117}
{"config": {"hp_config.clip_eps": 0.384, "hp_config.ent_coef": 0.5, "hp_config.gae_lambda": 0.8573351471051185, "hp_config.learning_rate": 2.6274498740360835e-06, "hp_config.max_grad_norm": 0.3577115501589225, "hp_config.minibatch_size": 64, "hp_config.normalize_advantage": true, "hp_config.vf_clip_eps": 0.02696926958154566, "hp_config.vf_coef": 0.5809172834697919}, "score": -80.3125, "budget_used": 1600000, "total_wallclock_time": -597.7695097923279, "total_optimization_time": 0.2285904884338379}
{"config": {"hp_config.clip_eps": 0.384, "hp_config.ent_coef": 0.5, "hp_config.gae_lambda": 0.8573351471051185, "hp_config.learning_rate": 2.6274498740360835e-06, "hp_config.max_grad_norm": 0.3577115501589225, "hp_config.minibatch_size": 64, "hp_config.normalize_advantage": true, "hp_config.vf_clip_eps": 0.02696926958154566, "hp_config.vf_coef": 0.5809172834697919}, "score": -80.3125, "budget_used": 1610000, "total_wallclock_time": -601.007533788681, "total_optimization_time": 0.24995136260986328}
