{"config": {"hp_config.clip_eps": 0.19172075941288885, "hp_config.ent_coef": 0.3958625190413323, "hp_config.gae_lambda": 0.9057260944586056, "hp_config.learning_rate": 0.0006921859910208612, "hp_config.max_grad_norm": 0.925596638292661, "hp_config.minibatch_size": 32, "hp_config.normalize_advantage": true, "hp_config.vf_clip_eps": 0.01010919872016286, "hp_config.vf_coef": 0.832619845547938}, "score": -285.578125, "budget_used": 80000, "total_wallclock_time": -56.84297513961792, "total_optimization_time": 0.0006458759307861328}
{"config": {"hp_config.clip_eps": 0.32928810235639483, "hp_config.ent_coef": 0.04038926273889609, "hp_config.gae_lambda": 0.9027318450022935, "hp_config.learning_rate": 0.00042413674780614647, "hp_config.max_grad_norm": 0.5083857592066856, "hp_config.minibatch_size": 64, "hp_config.normalize_advantage": true, "hp_config.vf_clip_eps": 0.5, "hp_config.vf_coef": 1.0}, "score": -147.796875, "budget_used": 160000, "total_wallclock_time": -114.04955315589905, "total_optimization_time": 0.03837943077087402}
{"config": {"hp_config.clip_eps": 0.3951457228276738, "hp_config.ent_coef": 0.03231141019111688, "hp_config.gae_lambda": 0.8, "hp_config.learning_rate": 0.0003393093982449172, "hp_config.max_grad_norm": 0.40670860736534853, "hp_config.minibatch_size": 64, "hp_config.normalize_advantage": true, "hp_config.vf_clip_eps": 0.4, "hp_config.vf_coef": 1.0}, "score": -91.078125, "budget_used": 240000, "total_wallclock_time": -170.37443208694458, "total_optimization_time": 0.07560348510742188}
{"config": {"hp_config.clip_eps": 0.4741748673932085, "hp_config.ent_coef": 0.038773692229340254, "hp_config.gae_lambda": 0.8331751210037508, "hp_config.learning_rate": 0.0002714475185959335, "hp_config.max_grad_norm": 0.25025924313072956, "hp_config.minibatch_size": 64, "hp_config.normalize_advantage": true, "hp_config.vf_clip_eps": 0.32000000000000006, "hp_config.vf_coef": 1.0}, "score": -84.09375, "budget_used": 320000, "total_wallclock_time": -233.35095620155334, "total_optimization_time": 0.08947253227233887}
{"config": {"hp_config.clip_eps": 0.11430996250785003, "hp_config.ent_coef": 0.0465284306752083, "hp_config.gae_lambda": 0.8649896890647827, "hp_config.learning_rate": 0.00021715801487674663, "hp_config.max_grad_norm": 0.6639878265501475, "hp_config.minibatch_size": 64, "hp_config.normalize_advantage": true, "hp_config.vf_clip_eps": 0.25600000000000006, "hp_config.vf_coef": 0.9719080799903554}, "score": -84.09375, "budget_used": 400000, "total_wallclock_time": -289.46231031417847, "total_optimization_time": 0.1703474521636963}
{"config": {"hp_config.clip_eps": 0.09144797000628002, "hp_config.ent_coef": 0.13757688188163003, "hp_config.gae_lambda": 0.9999, "hp_config.learning_rate": 0.00017372641190139748, "hp_config.max_grad_norm": 0.531190261240118, "hp_config.minibatch_size": 64, "hp_config.normalize_advantage": true, "hp_config.vf_clip_eps": 0.3072000000000001, "hp_config.vf_coef": 0.1334438558042058}, "score": -84.09375, "budget_used": 480000, "total_wallclock_time": -348.70040011405945, "total_optimization_time": 0.1968224048614502}
{"config": {"hp_config.clip_eps": 0.24746700506946856, "hp_config.ent_coef": 0.10968444392898434, "hp_config.gae_lambda": 0.96, "hp_config.learning_rate": 0.0004706362453556761, "hp_config.max_grad_norm": 0.8, "hp_config.minibatch_size": 32, "hp_config.normalize_advantage": true, "hp_config.vf_clip_eps": 0.35231074562487286, "hp_config.vf_coef": 0.7593104484150676}, "score": -81.9140625, "budget_used": 560000, "total_wallclock_time": -407.70691108703613, "total_optimization_time": 0.247450590133667}
{"config": {"hp_config.clip_eps": 0.29696040608336227, "hp_config.ent_coef": 0.13162133271478121, "hp_config.gae_lambda": 0.8, "hp_config.learning_rate": 0.034592540589278964, "hp_config.max_grad_norm": 0.6400000000000001, "hp_config.minibatch_size": 32, "hp_config.normalize_advantage": true, "hp_config.vf_clip_eps": 0.2818485964998983, "hp_config.vf_coef": 0.9111725380980811}, "score": -81.9140625, "budget_used": 640000, "total_wallclock_time": -464.1504521369934, "total_optimization_time": 0.2632577419281006}
{"config": {"hp_config.clip_eps": 0.3563524873000347, "hp_config.ent_coef": 0.10529706617182498, "hp_config.gae_lambda": 0.9656006294723857, "hp_config.learning_rate": 0.04151104870713477, "hp_config.max_grad_norm": 0.5120000000000001, "hp_config.minibatch_size": 64, "hp_config.normalize_advantage": true, "hp_config.vf_clip_eps": 0.33821831579987793, "hp_config.vf_coef": 0.5682023474605653}, "score": -81.9140625, "budget_used": 720000, "total_wallclock_time": -520.1612040996552, "total_optimization_time": 0.29356980323791504}
{"config": {"hp_config.clip_eps": 0.2850819898400278, "hp_config.ent_coef": 0.3082816955574719, "hp_config.gae_lambda": 0.982062285513782, "hp_config.learning_rate": 0.049813258448561736, "hp_config.max_grad_norm": 0.4541725653520928, "hp_config.minibatch_size": 64, "hp_config.normalize_advantage": true, "hp_config.vf_clip_eps": 0.2705746526399024, "hp_config.vf_coef": 0.27129994542291835}, "score": -81.9140625, "budget_used": 800000, "total_wallclock_time": -583.6506912708282, "total_optimization_time": 0.3123438358306885}
{"config": {"hp_config.clip_eps": 0.22806559187202224, "hp_config.ent_coef": 0.24662535644597755, "hp_config.gae_lambda": 0.9353228230644335, "hp_config.learning_rate": 0.059775910138274095, "hp_config.max_grad_norm": 0.36333805228167426, "hp_config.minibatch_size": 128, "hp_config.normalize_advantage": true, "hp_config.vf_clip_eps": 0.2164597221119219, "hp_config.vf_coef": 0.7181082547730151}, "score": -81.9140625, "budget_used": 880000, "total_wallclock_time": -645.8833651542664, "total_optimization_time": 0.36005401611328125}
{"config": {"hp_config.clip_eps": 0.1824524734976178, "hp_config.ent_coef": 0.29595042773517305, "hp_config.gae_lambda": 0.8, "hp_config.learning_rate": 0.04782072811061932, "hp_config.max_grad_norm": 0.516461255788331, "hp_config.minibatch_size": 128, "hp_config.normalize_advantage": true, "hp_config.vf_clip_eps": 0.25975166653430626, "hp_config.vf_coef": 0.46546941851745405}, "score": -81.9140625, "budget_used": 960000, "total_wallclock_time": -705.7331609725952, "total_optimization_time": 0.39046597480773926}
{"config": {"hp_config.clip_eps": 0.018636135528341424, "hp_config.ent_coef": 0.23676034218813846, "hp_config.gae_lambda": 0.96, "hp_config.learning_rate": 0.03825658248849549, "hp_config.max_grad_norm": 0.5306705614557413, "hp_config.minibatch_size": 128, "hp_config.normalize_advantage": true, "hp_config.vf_clip_eps": 0.3117019998411675, "hp_config.vf_coef": 0.5585633022209449}, "score": -81.9140625, "budget_used": 1040000, "total_wallclock_time": -775.6798269748688, "total_optimization_time": 0.4225161075592041}
{"config": {"hp_config.clip_eps": 0.01490890842267314, "hp_config.ent_coef": 0.28411241062576614, "hp_config.gae_lambda": 0.9999, "hp_config.learning_rate": 0.030605265990796424, "hp_config.max_grad_norm": 0.6368046737468895, "hp_config.minibatch_size": 128, "hp_config.normalize_advantage": true, "hp_config.vf_clip_eps": 0.19037275909150414, "hp_config.vf_coef": 0.44685064177675593}, "score": -81.9140625, "budget_used": 1120000, "total_wallclock_time": -833.3126051425934, "total_optimization_time": 0.5040390491485596}
{"config": {"hp_config.clip_eps": 0.011927126738138512, "hp_config.ent_coef": 0.34093489275091937, "hp_config.gae_lambda": 0.9999, "hp_config.learning_rate": 0.024484212792637162, "hp_config.max_grad_norm": 0.7641656084962675, "hp_config.minibatch_size": 128, "hp_config.normalize_advantage": true, "hp_config.vf_clip_eps": 0.1522982072732033, "hp_config.vf_coef": 0.7509159796167937}, "score": -81.9140625, "budget_used": 1200000, "total_wallclock_time": -898.1824431419373, "total_optimization_time": 0.5233361721038818}
{"config": {"hp_config.clip_eps": 0.4484344008246393, "hp_config.ent_coef": 0.2168647365848005, "hp_config.gae_lambda": 0.9999, "hp_config.learning_rate": 0.01958737023410975,