{"config": {"hp_config.clip_eps": 0.2954363806240866, "hp_config.ent_coef": 0.2871626244247894, "hp_config.gae_lambda": 0.930574843889441, "hp_config.learning_rate": 0.0018218656600978453, "hp_config.max_grad_norm": 0.43141843543397396, "hp_config.minibatch_size": 128, "hp_config.normalize_advantage": true, "hp_config.vf_clip_eps": 0.2179324626328134, "hp_config.vf_coef": 0.8919233550156721}, "score": 0.8078124523162842, "budget_used": 320000, "total_wallclock_time": -186.9598262310028, "total_optimization_time": 0.0006802082061767578}
{"config": {"hp_config.clip_eps": 0.3545236567489039, "hp_config.ent_coef": 0.3445951493097473, "hp_config.gae_lambda": 0.9999, "hp_config.learning_rate": 0.018962541978839738, "hp_config.max_grad_norm": 0.34513474834717917, "hp_config.minibatch_size": 128, "hp_config.normalize_advantage": true, "hp_config.vf_clip_eps": 0.26151895515937607, "hp_config.vf_coef": 0.7135386840125377}, "score": 0.8078124523162842, "budget_used": 640000, "total_wallclock_time": -374.43509221076965, "total_optimization_time": 0.03840446472167969}
{"config": {"hp_config.clip_eps": 0.28361892539912315, "hp_config.ent_coef": 0.27567611944779785, "hp_config.gae_lambda": 0.9482851317346453, "hp_config.learning_rate": 0.015170033583071804, "hp_config.max_grad_norm": 0.5785256190810308, "hp_config.minibatch_size": 32, "hp_config.normalize_advantage": true, "hp_config.vf_clip_eps": 0.20921516412750085, "hp_config.vf_coef": 0.5708309472100302}, "score": 0.8078124523162842, "budget_used": 960000, "total_wallclock_time": -566.733683347702, "total_optimization_time": 0.06940722465515137}
{"config": {"hp_config.clip_eps": 0.22689514031929853, "hp_config.ent_coef": 0.3308113433373574, "hp_config.gae_lambda": 0.9999, "hp_config.learning_rate": 0.01820404029968617, "hp_config.max_grad_norm": 0.10846191670327177, "hp_config.minibatch_size": 64, "hp_config.normalize_advantage": true, "hp_config.vf_clip_eps": 0.388109294476284, "hp_config.vf_coef": 0.14255212839368436}, "score": 0.8078124523162842, "budget_used": 1280000, "total_wallclock_time": -763.3749771118164, "total_optimization_time": 0.08049893379211426}
{"config": {"hp_config.clip_eps": 0.18151611225543884, "hp_config.ent_coef": 0.3969736120048289, "hp_config.gae_lambda": 0.8135176613153428, "hp_config.learning_rate": 0.014563232239748949, "hp_config.max_grad_norm": 0.08676953336261742, "hp_config.minibatch_size": 64, "hp_config.normalize_advantage": true, "hp_config.vf_clip_eps": 0.3104874355810272, "hp_config.vf_coef": 0.17106255407242124}, "score": 0.8078124523162842, "budget_used": 1600000, "total_wallclock_time": -960.5147981643677, "total_optimization_time": 0.09312272071838379}
{"config": {"hp_config.clip_eps": 0.18151611225543884, "hp_config.ent_coef": 0.3969736120048289, "hp_config.gae_lambda": 0.8135176613153428, "hp_config.learning_rate": 0.014563232239748949, "hp_config.max_grad_norm": 0.08676953336261742, "hp_config.minibatch_size": 64, "hp_config.normalize_advantage": true, "hp_config.vf_clip_eps": 0.3104874355810272, "hp_config.vf_coef": 0.17106255407242124}, "score": 0.8078124523162842, "budget_used": 1620000, "total_wallclock_time": -979.1152992248535, "total_optimization_time": 0.09832239151000977}
