{"config": {"hp_config.clip_eps": 0.009596599154666763, "hp_config.ent_coef": 0.15078740833727466, "hp_config.gae_lambda": 0.9319686901447878, "hp_config.learning_rate": 2.820902242356035e-05, "hp_config.max_grad_norm": 0.6180154289988415, "hp_config.minibatch_size": 64, "hp_config.normalize_advantage": true, "hp_config.vf_clip_eps": 0.14914116297801538, "hp_config.vf_coef": 0.5699649107012649}, "score": 0.9686406850814819, "budget_used": 16, "total_wallclock_time": -224.1940062046051, "total_optimization_time": 0.0007982254028320312}
