{"config": {"hp_config.clip_eps": 0.0690914756743069, "hp_config.ent_coef": 0.09829118084002675, "hp_config.gae_lambda": 0.8737081616151268, "hp_config.learning_rate": 0.012734038226347204, "hp_config.max_grad_norm": 0.09710127579306127, "hp_config.minibatch_size": 128, "hp_config.normalize_advantage": true, "hp_config.vf_clip_eps": 0.4882297325066979, "hp_config.vf_coef": 0.4686512016477016}, "score": 500.0, "budget_used": 80000, "total_wallclock_time": -42.56709408760071, "total_optimization_time": 0.0006229877471923828}
{"config": {"hp_config.clip_eps": 0.05527318053944552, "hp_config.ent_coef": 0.07863294467202141, "hp_config.gae_lambda": 0.9999, "hp_config.learning_rate": 7.65358380048036e-06, "hp_config.max_grad_norm": 0.11652153095167352, "hp_config.minibatch_size": 128, "hp_config.normalize_advantage": true, "hp_config.vf_clip_eps": 0.5, "hp_config.vf_coef": 0.6254189070650501}, "score": 500.0, "budget_used": 160000, "total_wallclock_time": -82.97114515304565, "total_optimization_time": 0.03454923629760742}
{"config": {"hp_config.clip_eps": 0.04421854443155642, "hp_config.ent_coef": 0.06290635573761713, "hp_config.gae_lambda": 0.8, "hp_config.learning_rate": 6.122867040384293e-06, "hp_config.max_grad_norm": 0.13982583714200822, "hp_config.minibatch_size": 128, "hp_config.normalize_advantage": true, "hp_config.vf_clip_eps": 0.4, "hp_config.vf_coef": 0.5003351256520401}, "score": 500.0, "budget_used": 240000, "total_wallclock_time": -124.51248288154602, "total_optimization_time": 0.06365609169006348}
{"config": {"hp_config.clip_eps": 0.03537483554524514, "hp_config.ent_coef": 0.07548762688514056, "hp_config.gae_lambda": 0.8173630700692548, "hp_config.learning_rate": 4.898293632307439e-06, "hp_config.max_grad_norm": 0.16779100457040985, "hp_config.minibatch_size": 128, "hp_config.normalize_advantage": true, "hp_config.vf_clip_eps": 0.3261133678774549, "hp_config.vf_coef": 0.4002681005216321}, "score": 500.0, "budget_used": 320000, "total_wallclock_time": -166.97393608093262, "total_optimization_time": 0.07308506965637207}
{"config": {"hp_config.clip_eps": 0.31176998558879154, "hp_config.ent_coef": 0.06039010150811245, "hp_config.gae_lambda": 0.9808356840831057, "hp_config.learning_rate": 0.0077639519548933335, "hp_config.max_grad_norm": 0.1342328036563279, "hp_config.minibatch_size": 128, "hp_config.normalize_advantage": true, "hp_config.vf_clip_eps": 0.26089069430196393, "hp_config.vf_coef": 0.7076619679309676}, "score": 500.0, "budget_used": 400000, "total_wallclock_time": -207.581933259964, "total_optimization_time": 0.08285808563232422}
{"config": {"hp_config.clip_eps": 0.37412398270654984, "hp_config.ent_coef": 0.048312081206489964, "hp_config.gae_lambda": 0.9529408850005987, "hp_config.learning_rate": 0.006211161563914661, "hp_config.max_grad_norm": 0.16107936438759346, "hp_config.minibatch_size": 128, "hp_config.normalize_advantage": true, "hp_config.vf_clip_eps": 0.31306883316235673, "hp_config.vf_coef": 0.8975695538197455}, "score": 500.0, "budget_used": 480000, "total_wallclock_time": -249.85970425605774, "total_optimization_time": 0.09288525581359863}
{"config": {"hp_config.clip_eps": 0.29929918616523987, "hp_config.ent_coef": 0.05797449744778795, "hp_config.gae_lambda": 0.8, "hp_config.learning_rate": 0.004968929251131734, "hp_config.max_grad_norm": 0.19329523726511214, "hp_config.minibatch_size": 128, "hp_config.normalize_advantage": false, "hp_config.vf_clip_eps": 0.37568259979482804, "hp_config.vf_coef": 1.0}, "score": 500.0, "budget_used": 560000, "total_wallclock_time": -293.70560598373413, "total_optimization_time": 0.10369729995727539}
{"config": {"hp_config.clip_eps": 0.3591590233982878, "hp_config.ent_coef": 0.046379597958230365, "hp_config.gae_lambda": 0.8278722916593886, "hp_config.learning_rate": 0.0017289921928384197, "hp_config.max_grad_norm": 0.1546361898120897, "hp_config.minibatch_size": 128, "hp_config.normalize_advantage": false, "hp_config.vf_clip_eps": 0.45081911975379363, "hp_config.vf_coef": 0.8}, "score": 500.0, "budget_used": 640000, "total_wallclock_time": -337.9111518859863, "total_optimization_time": 0.12330889701843262}
{"config": {"hp_config.clip_eps": 0.43099082807794536, "hp_config.ent_coef": 0.05565551754987644, "hp_config.gae_lambda": 0.9934467499912663, "hp_config.learning_rate": 0.0020747906314061023, "hp_config.max_grad_norm": 0.3667426374103102, "hp_config.minibatch_size": 128, "hp_config.normalize_advantage": false, "hp_config.vf_clip_eps": 0.5, "hp_config.vf_coef": 0.96}, "score": 500.0, "budget_used": 720000, "total_wallclock_time": -381.81797885894775, "total_optimization_time": 0.1486361026763916}
{"config": {"hp_config.clip_eps": 0.3447926624623563, "hp_config.ent_coef": 0.16049219078299903, "hp_config.gae_lambda": 0.9952173759118873, "hp_config.learning_rate": 0.0676629946099271, "hp_config.max_grad_norm": 0.44009116489237227, "hp_config.minibatch_size": 128, "hp_config.normalize_advantage": false, "hp_config.vf_clip_eps": 0.5, "hp_config.vf_coef": 1.0}, "score": 500.0, "budget_used": 800000, "total_wallclock_time": -424.8912920951843, "total_optimization_time": 0.16239690780639648}
{"config": {"hp_config.clip_eps": 0.41375119495482754, "hp_config.ent_coef": 0.15114139386689257, "hp_config.gae_lambda": 0.8744429377313929, "hp_config.learning_rate": 0.08119559353191254, "hp_config.max_grad_norm": 0.9767772969383743, "hp_config.minibatch_size": 128, "hp_config.normalize_advantage": false, "hp_config.vf_clip_eps": 0.5, "hp_config.vf_coef": 0.8}, "score": 500.0, "budget_used": 880000, "total_wallclock_time": -469.5467309951782, "total_optimization_time": 0.18273711204528809}
{"config": {"hp_config.clip_eps": 0.49650143394579305, "hp_config.ent_coef": 0.33446894167519503, "hp_config.gae_lambda": 0.8, "hp_config.learning_rate": 8.87487357559598e-05, "hp_config.max_grad_norm": 0.005881018554385609, "hp_config.minibatch_size": 128, "hp_config.normalize_advantage": false, "hp_config.vf_clip_eps": 0.4, "hp_config.vf_coef": 0.7356641395782813}, "score": 500.0, "budget_used": 960000, "total_wallclock_time": -516.4604980945587, "total_optimization_time": 0.2006089687347412}
{"config": {"hp_config.clip_eps": 0.39720114715663446, "hp_config.ent_coef": 0.40136273001023404, "hp_config.gae_lambda": 0.96, "hp_config.learning_rate": 0.00010649848290715179, "hp_config.max_grad_norm": 0.00705722226526273, "hp_config.minibatch_size": 32, "hp_config.normalize_advantage": false, "hp_config.vf_clip_eps": 0.48, "hp_config.vf_coef": 0.6110720370472187}, "score": 500.0, "budget_used": 1040000, "total_wallclock_time": -561.7700381278992, "total_optimization_time": 0.22130894660949707}
{"config": {"hp_config.clip_eps": 0.31776091772530757, "hp_config.ent_coef": 0.48163527601228084, "hp_config.gae_lambda": 0.8, "hp_config.learning_rate": 0.00012779817948858219, "hp_config.max_grad_norm": 0.9818821072299047, "hp_config.minibatch_size": 32, "hp_config.normalize_advantage": false, "hp_config.vf_clip_eps": 0.5, "hp_config.vf_coef": 0.4843916568897655}, "score": 500.0, "budget_used": 1120000, "total_wallclock_time": -606.2680342197418, "total_optimization_time": 0.23713994026184082}
{"config": {"hp_config.clip_eps": 0.05190078541079285, "hp_config.ent_coef": 0.2523112812702475, "hp_config.gae_lambda": 0.8961442925053213, "hp_config.learning_rate": 0.00010223854359086583, "hp_config.max_grad_norm": 1.0, "hp_config.minibatch_size": 32, "hp_config.normalize_advantage": false, "hp_config.vf_clip_eps": 0.5, "hp_config.vf_coef": 0.6433566574684371}, "score": 500.0, "budget_used": 1200000, "total_wallclock_time": -651.1796381473541, "total_optimization_time": 0.25855588912963867}
{"config": {"hp_config.clip_eps": 0.04152062832863428, "hp_config.ent_coef": 0.06753533209738694, "hp_config.gae_lambda": 0.8, "hp_config.learning_rate": 0.00040360532122972687, "hp_config.max_grad_norm": 0.19748172423261678, "hp_config.minibatch_size": 32, "hp_config.normalize_advantage": true, "hp_config.vf_clip_eps": 0.5,