{"config": {"hp_config.clip_eps": 0.2744067519636624, "hp_config.ent_coef": 0.35759468318620974, "hp_config.gae_lambda": 0.9204923988767216, "hp_config.learning_rate": 0.0005301709347576831, "hp_config.max_grad_norm": 0.4236547993389047, "hp_config.minibatch_size": 64, "hp_config.normalize_advantage": true, "hp_config.vf_clip_eps": 0.4458865003910399, "hp_config.vf_coef": 0.9636627605010293}, "score": -1012.9357299804688, "budget_used": 320000, "total_wallclock_time": -47.32843613624573, "total_optimization_time": 0.000858306884765625}
{"config": {"hp_config.clip_eps": 0.05527318053944552, "hp_config.ent_coef": 0.11794941700803209, "hp_config.gae_lambda": 0.8220316865266116, "hp_config.learning_rate": 0.01528084587161665, "hp_config.max_grad_norm": 0.11652153095167352, "hp_config.minibatch_size": 128, "hp_config.normalize_advantage": true, "hp_config.vf_clip_eps": 0.27415972694238344, "hp_config.vf_coef": 0.5623814419772418}, "score": -997.8095703125, "budget_used": 640000, "total_wallclock_time": -94.2177951335907, "total_optimization_time": 0.04924345016479492}
{"config": {"hp_config.clip_eps": 0.28281736471156754, "hp_config.ent_coef": 0.09435953360642568, "hp_config.gae_lambda": 0.9864380238319339, "hp_config.learning_rate": 0.012224676697293331, "hp_config.max_grad_norm": 0.09321722476133881, "hp_config.minibatch_size": 128, "hp_config.normalize_advantage": true, "hp_config.vf_clip_eps": 0.21932778155390675, "hp_config.vf_coef": 0.6748577303726901}, "score": -997.8095703125, "budget_used": 960000, "total_wallclock_time": -138.72818994522095, "total_optimization_time": 0.08179116249084473}
{"config": {"hp_config.clip_eps": 0.22625389176925403, "hp_config.ent_coef": 0.07548762688514055, "hp_config.gae_lambda": 0.926943851739861, "hp_config.learning_rate": 1.0771648843603169e-05, "hp_config.max_grad_norm": 0.11186066971360657, "hp_config.minibatch_size": 128, "hp_config.normalize_advantage": true, "hp_config.vf_clip_eps": 0.26319333786468807, "hp_config.vf_coef": 0.8936766426812485}, "score": -997.8095703125, "budget_used": 1280000, "total_wallclock_time": -183.1888072490692, "total_optimization_time": 0.09179902076721191}
{"config": {"hp_config.clip_eps": 0.2715046701231048, "hp_config.ent_coef": 0.09058515226216865, "hp_config.gae_lambda": 0.8, "hp_config.learning_rate": 1.0048139287553211e-06, "hp_config.max_grad_norm": 0.1342328036563279, "hp_config.minibatch_size": 128, "hp_config.normalize_advantage": true, "hp_config.vf_clip_eps": 0.33790408528149585, "hp_config.vf_coef": 0.07019747844521751}, "score": -997.8095703125, "budget_used": 1600000, "total_wallclock_time": -227.58093523979187, "total_optimization_time": 0.10223722457885742}
{"config": {"hp_config.clip_eps": 0.2715046701231048, "hp_config.ent_coef": 0.09058515226216865, "hp_config.gae_lambda": 0.8, "hp_config.learning_rate": 1.0048139287553211e-06, "hp_config.max_grad_norm": 0.1342328036563279, "hp_config.minibatch_size": 128, "hp_config.normalize_advantage": true, "hp_config.vf_clip_eps": 0.33790408528149585, "hp_config.vf_coef": 0.07019747844521751}, "score": -997.8095703125, "budget_used": 1620000, "total_wallclock_time": -230.34305119514465, "total_optimization_time": 0.10533833503723145}
