{"config": {"hp_config.clip_eps": 0.2744067519636624, "hp_config.ent_coef": 0.21182739966945235, "hp_config.gae_lambda": 0.9926361858241558, "hp_config.learning_rate": 0.0006921859910208612, "hp_config.max_grad_norm": 0.02021839744032572, "hp_config.minibatch_size": 128, "hp_config.normalize_advantage": true, "hp_config.vf_clip_eps": 0.26092416087503584, "hp_config.vf_coef": 0.45615033221654855}, "score": 0.0, "budget_used": 12500.0, "total_wallclock_time": -136.36417508125305, "total_optimization_time": 0.0007071495056152344}
{"config": {"hp_config.clip_eps": 0.2744067519636624, "hp_config.ent_coef": 0.21182739966945235, "hp_config.gae_lambda": 0.9926361858241558, "hp_config.learning_rate": 0.0006921859910208612, "hp_config.max_grad_norm": 0.02021839744032572, "hp_config.minibatch_size": 128, "hp_config.normalize_advantage": true, "hp_config.vf_clip_eps": 0.26092416087503584, "hp_config.vf_coef": 0.45615033221654855}, "score": 0.0, "budget_used": 25000.0, "total_wallclock_time": -275.1847779750824, "total_optimization_time": 0.01998615264892578}
{"config": {"hp_config.clip_eps": 0.2744067519636624, "hp_config.ent_coef": 0.21182739966945235, "hp_config.gae_lambda": 0.9926361858241558, "hp_config.learning_rate": 0.0006921859910208612, "hp_config.max_grad_norm": 0.02021839744032572, "hp_config.minibatch_size": 128, "hp_config.normalize_advantage": true, "hp_config.vf_clip_eps": 0.26092416087503584, "hp_config.vf_coef": 0.45615033221654855}, "score": 0.0, "budget_used": 37500.0, "total_wallclock_time": -415.7491030693054, "total_optimization_time": 0.024053335189819336}
{"config": {"hp_config.clip_eps": 0.2744067519636624, "hp_config.ent_coef": 0.21182739966945235, "hp_config.gae_lambda": 0.9926361858241558, "hp_config.learning_rate": 0.0006921859910208612, "hp_config.max_grad_norm": 0.02021839744032572, "hp_config.minibatch_size": 128, "hp_config.normalize_advantage": true, "hp_config.vf_clip_eps": 0.26092416087503584, "hp_config.vf_coef": 0.45615033221654855}, "score": 0.0, "budget_used": 50000.0, "total_wallclock_time": -563.8048388957977, "total_optimization_time": 0.02977132797241211}
{"config": {"hp_config.clip_eps": 0.2744067519636624, "hp_config.ent_coef": 0.21182739966945235, "hp_config.gae_lambda": 0.9926361858241558, "hp_config.learning_rate": 0.0006921859910208612, "hp_config.max_grad_norm": 0.02021839744032572, "hp_config.minibatch_size": 128, "hp_config.normalize_advantage": true, "hp_config.vf_clip_eps": 0.26092416087503584, "hp_config.vf_coef": 0.45615033221654855}, "score": 0.0, "budget_used": 62500.0, "total_wallclock_time": -715.0620129108429, "total_optimization_time": 0.05158829689025879}
{"config": {"hp_config.clip_eps": 0.2744067519636624, "hp_config.ent_coef": 0.21182739966945235, "hp_config.gae_lambda": 0.9926361858241558, "hp_config.learning_rate": 0.0006921859910208612, "hp_config.max_grad_norm": 0.02021839744032572, "hp_config.minibatch_size": 128, "hp_config.normalize_advantage": true, "hp_config.vf_clip_eps": 0.26092416087503584, "hp_config.vf_coef": 0.45615033221654855}, "score": 0.0, "budget_used": 75000.0, "total_wallclock_time": -887.5085470676422, "total_optimization_time": 0.05956220626831055}
{"config": {"hp_config.clip_eps": 0.2744067519636624, "hp_config.ent_coef": 0.21182739966945235, "hp_config.gae_lambda": 0.9926361858241558, "hp_config.learning_rate": 0.0006921859910208612, "hp_config.max_grad_norm": 0.02021839744032572, "hp_config.minibatch_size": 128, "hp_config.normalize_advantage": true, "hp_config.vf_clip_eps": 0.26092416087503584, "hp_config.vf_coef": 0.45615033221654855}, "score": 0.0, "budget_used": 87500.0, "total_wallclock_time": -1028.6307010650635, "total_optimization_time": 0.0785074234008789}
{"config": {"hp_config.clip_eps": 0.2744067519636624, "hp_config.ent_coef": 0.21182739966945235, "hp_config.gae_lambda": 0.9926361858241558, "hp_config.learning_rate": 0.0006921859910208612, "hp_config.max_grad_norm": 0.02021839744032572, "hp_config.minibatch_size": 128, "hp_config.normalize_advantage": true, "hp_config.vf_clip_eps": 0.26092416087503584, "hp_config.vf_coef": 0.45615033221654855}, "score": 0.0, "budget_used": 100000.0, "total_wallclock_time": -1168.9997692108154, "total_optimization_time": 0.08098554611206055}
{"config": {"hp_config.clip_eps": 0.2744067519636624, "hp_config.ent_coef": 0.21182739966945235, "hp_config.gae_lambda": 0.9926361858241558, "hp_config.learning_rate": 0.0006921859910208612, "hp_config.max_grad_norm": 0.02021839744032572, "hp_config.minibatch_size": 128, "hp_config.normalize_advantage": true, "hp_config.vf_clip_eps": 0.26092416087503584, "hp_config.vf_coef": 0.45615033221654855}, "score": 0.0, "budget_used": 125000.0, "total_wallclock_time": -1323.8368718624115, "total_optimization_time": 0.09186649322509766}
{"config": {"hp_config.clip_eps": 0.2744067519636624, "hp_config.ent_coef": 0.21182739966945235, "hp_config.gae_lambda": 0.9926361858241558, "hp_config.learning_rate": 0.0006921859910208612, "hp_config.max_grad_norm": 0.02021839744032572, "hp_config.minibatch_size": 128, "hp_config.normalize_advantage": true, "hp_config.vf_clip_eps": 0.26092416087503584, "hp_config.vf_coef": 0.45615033221654855}, "score": 0.0, "budget_used": 150000.0, "total_wallclock_time": -1477.7313129901886, "total_optimization_time": 0.09485745429992676}
{"config": {"hp_config.clip_eps": 0.2744067519636624, "hp_config.ent_coef": 0.21182739966945235, "hp_config.gae_lambda": 0.9926361858241558, "hp_config.learning_rate": 0.0006921859910208612, "hp_config.max_grad_norm": 0.02021839744032572, "hp_config.minibatch_size": 128, "hp_config.normalize_advantage": true, "hp_config.vf_clip_eps": 0.26092416087503584, "hp_config.vf_coef": 0.45615033221654855}, "score": 0.0, "budget_used": 175000.0, "total_wallclock_time": -1635.0065348148346, "total_optimization_time": 0.10907244682312012}
{"config": {"hp_config.clip_eps": 0.2744067519636624, "hp_config.ent_coef": 0.21182739966945235, "hp_config.gae_lambda": 0.9926361858241558, "hp_config.learning_rate": 0.0006921859910208612, "hp_config.max_grad_norm": 0.02021839744032572, "hp_config.minibatch_size": 128, "hp_config.normalize_advantage": true, "hp_config.vf_clip_eps": 0.26092416087503584, "hp_config.vf_coef": 0.45615033221654855}, "score": 0.0, "budget_used": 200000.0, "total_wallclock_time": -1789.0657160282135, "total_optimization_time": 0.11652922630310059}
{"config": {"hp_config.clip_eps": 0.2744067519636624, "hp_config.ent_coef": 0.21182739966945235, "hp_config.gae_lambda": 0.9926361858241558, "hp_config.learning_rate": 0.0006921859910208612, "hp_config.max_grad_norm": 0.02021839744032572, "hp_config.minibatch_size": 128, "hp_config.normalize_advantage": true, "hp_config.vf_clip_eps": 0.26092416087503584, "hp_config.vf_coef": 0.45615033221654855}, "score": 0.045423753559589386, "budget_used": 250000.0, "total_wallclock_time": -1938.9704167842865, "total_optimization_time": 0.12323927879333496}
{"config": {"hp_config.clip_eps": 0.2744067519636624, "hp_config.ent_coef": 0.21182739966945235, "hp_config.gae_lambda": 0.9926361858241558, "hp_config.learning_rate": 0.0006921859910208612, "hp_config.max_grad_norm": 0.02021839744032572, "hp_config.minibatch_size": 128, "hp_config.normalize_advantage": true, "hp_config.vf_clip_eps": 0.26092416087503584, "hp_config.vf_coef": 0.45615033221654855}, "score": 0.045423753559589386, "budget_used": 300000.0, "total_wallclock_time": -2086.5069029331207, "total_optimization_time": 0.13692307472229004}
{"config": {"hp_config.clip_eps": 0.2744067519636624, "hp_config.ent_coef": 0.21182739966945235, "hp_config.gae_lambda": 0.9926361858241558, "hp_config.learning_rate": 0.0006921859910208612, "hp_config.max_grad_norm": 0.02021839744032572, "hp_config.minibatch_size": 128, "hp_config.normalize_advantage": true, "hp_config.vf_clip_eps": 0.26092416087503584, "hp_config.vf_coef": 0.45615033221654855}, "score": 0.6531709432601929, "budget_used": 400000.0, "total_wallclock_time": -2252.3653650283813,