{"config": {"hp_config.clip_eps": 0.2744067519636624, "hp_config.ent_coef": 0.35759468318620974, "hp_config.gae_lambda": 0.9204923988767216, "hp_config.learning_rate": 0.0005301709347576831, "hp_config.max_grad_norm": 0.4236547993389047, "hp_config.minibatch_size": 64, "hp_config.normalize_advantage": true, "hp_config.vf_clip_eps": 0.4458865003910399, "hp_config.vf_coef": 0.9636627605010293}, "score": 0.963015615940094, "budget_used": 80000, "total_wallclock_time": -148.00002312660217, "total_optimization_time": 0.0006101131439208984}
{"config": {"hp_config.clip_eps": 0.002817285715528239, "hp_config.ent_coef": 0.4066899220777381, "hp_config.gae_lambda": 0.8, "hp_config.learning_rate": 0.0037936747815602084, "hp_config.max_grad_norm": 1.0, "hp_config.minibatch_size": 32, "hp_config.normalize_advantage": false, "hp_config.vf_clip_eps": 0.3552251587631034, "hp_config.vf_coef": 0.45780152463269874}, "score": 0.9663906097412109, "budget_used": 160000, "total_wallclock_time": -297.34016513824463, "total_optimization_time": 0.033637285232543945}
{"config": {"hp_config.clip_eps": 0.07282776670842822, "hp_config.ent_coef": 0.020527198831611, "hp_config.gae_lambda": 0.8, "hp_config.learning_rate": 0.0006535495260929153, "hp_config.max_grad_norm": 0.18093231845403634, "hp_config.minibatch_size": 128, "hp_config.normalize_advantage": true, "hp_config.vf_clip_eps": 0.1843028785779774, "hp_config.vf_coef": 0.8}, "score": 0.9701172113418579, "budget_used": 240000, "total_wallclock_time": -448.77134704589844, "total_optimization_time": 0.06823396682739258}
{"config": {"hp_config.clip_eps": 0.08739332005011387, "hp_config.ent_coef": 0.024632638597933198, "hp_config.gae_lambda": 0.8, "hp_config.learning_rate": 0.0007842594313114987, "hp_config.max_grad_norm": 0.21711878214484362, "hp_config.minibatch_size": 128, "hp_config.normalize_advantage": true, "hp_config.vf_clip_eps": 0.1474423028623819, "hp_config.vf_coef": 0.96}, "score": 0.9701172113418579, "budget_used": 320000, "total_wallclock_time": -604.0776891708374, "total_optimization_time": 0.07793903350830078}
{"config": {"hp_config.clip_eps": 0.10487198406013663, "hp_config.ent_coef": 0.2827603500774744, "hp_config.gae_lambda": 0.9615443753693778, "hp_config.learning_rate": 0.026062296730894635, "hp_config.max_grad_norm": 0.2605425385738123, "hp_config.minibatch_size": 128, "hp_config.normalize_advantage": true, "hp_config.vf_clip_eps": 0.34938692572310837, "hp_config.vf_coef": 1.0}, "score": 0.9701172113418579, "budget_used": 400000, "total_wallclock_time": -761.147253036499, "total_optimization_time": 0.0893712043762207}
{"config": {"hp_config.clip_eps": 0.12584638087216396, "hp_config.ent_coef": 0.32872743662628645, "hp_config.gae_lambda": 0.9999, "hp_config.learning_rate": 0.0013093924140389517, "hp_config.max_grad_norm": 0.20843403085904988, "hp_config.minibatch_size": 128, "hp_config.normalize_advantage": true, "hp_config.vf_clip_eps": 0.41926431086773003, "hp_config.vf_coef": 1.0}, "score": 0.9701172113418579, "budget_used": 480000, "total_wallclock_time": -921.6754460334778, "total_optimization_time": 0.10145020484924316}
{"config": {"hp_config.clip_eps": 0.15101565704659675, "hp_config.ent_coef": 0.22217613362956207, "hp_config.gae_lambda": 0.9999, "hp_config.learning_rate": 0.0015712708968467425, "hp_config.max_grad_norm": 0.8878748135360122, "hp_config.minibatch_size": 128, "hp_config.normalize_advantage": true, "hp_config.vf_clip_eps": 0.5, "hp_config.vf_coef": 0.8}, "score": 0.9701172113418579, "budget_used": 560000, "total_wallclock_time": -1085.872108221054, "total_optimization_time": 0.11464810371398926}
{"config": {"hp_config.clip_eps": 0.1812187884559161, "hp_config.ent_coef": 0.26661136035547445, "hp_config.gae_lambda": 0.8974940455510828, "hp_config.learning_rate": 0.00188552507621609, "hp_config.max_grad_norm": 0.7102998508288098, "hp_config.minibatch_size": 128, "hp_config.normalize_advantage": true, "hp_config.vf_clip_eps": 0.5, "hp_config.vf_coef": 0.96}, "score": 0.9701172113418579, "budget_used": 640000, "total_wallclock_time": -1254.8424279689789, "total_optimization_time": 0.127532958984375}
{"config": {"hp_config.clip_eps": 0.1449750307647329, "hp_config.ent_coef": 0.21328908828437956, "hp_config.gae_lambda": 0.9947850243911053, "hp_config.learning_rate": 0.0022626300914593087, "hp_config.max_grad_norm": 0.8523598209945716, "hp_config.minibatch_size": 128, "hp_config.normalize_advantage": true, "hp_config.vf_clip_eps": 0.4, "hp_config.vf_coef": 1.0}, "score": 0.9701172113418579, "budget_used": 720000, "total_wallclock_time": -1429.0690460205078, "total_optimization_time": 0.14214372634887695}
{"config": {"hp_config.clip_eps": 0.11598002461178632, "hp_config.ent_coef": 0.17063127062750366, "hp_config.gae_lambda": 0.8, "hp_config.learning_rate": 0.002715156109751171, "hp_config.max_grad_norm": 1.0, "hp_config.minibatch_size": 64, "hp_config.normalize_advantage": true, "hp_config.vf_clip_eps": 0.48, "hp_config.vf_coef": 0.1695649807205286}, "score": 0.9701172113418579, "budget_used": 800000, "total_wallclock_time": -1625.0614233016968, "total_optimization_time": 0.16532492637634277}
{"config": {"hp_config.clip_eps": 0.18928097845956598, "hp_config.ent_coef": 0.20475752475300438, "hp_config.gae_lambda": 0.9776914714357607, "hp_config.learning_rate": 0.002172124887800937, "hp_config.max_grad_norm": 0.06407283779135697, "hp_config.minibatch_size": 64, "hp_config.normalize_advantage": false, "hp_config.vf_clip_eps": 0.384, "hp_config.vf_coef": 0.13565198457642288}, "score": 0.9701172113418579, "budget_used": 880000, "total_wallclock_time": -1862.2056000232697, "total_optimization_time": 0.2166118621826172}
{"config": {"hp_config.clip_eps": 0.1514247827676528, "hp_config.ent_coef": 0.24570902970360525, "hp_config.gae_lambda": 0.9999, "hp_config.learning_rate": 0.002606549865361125, "hp_config.max_grad_norm": 0.05125827023308558, "hp_config.minibatch_size": 64, "hp_config.normalize_advantage": false, "hp_config.vf_clip_eps": 0.27443040187208345, "hp_config.vf_coef": 0.16278238149170746}, "score": 0.9701172113418579, "budget_used": 960000, "total_wallclock_time": -2085.39187002182, "total_optimization_time": 0.2769279479980469}
{"config": {"hp_config.clip_eps": 0.2203951440425097, "hp_config.ent_coef": 0.24284931042582952, "hp_config.gae_lambda": 0.8, "hp_config.learning_rate": 0.0007750031623596224, "hp_config.max_grad_norm": 0.06150992427970269, "hp_config.minibatch_size": 64, "hp_config.normalize_advantage": false, "hp_config.vf_clip_eps": 0.21954432149766678, "hp_config.vf_coef": 0.13022590519336597}, "score": 0.9701172113418579, "budget_used": 1040000, "total_wallclock_time": -2319.0459530353546, "total_optimization_time": 0.3766062259674072}
{"config": {"hp_config.clip_eps": 0.4052654680103837, "hp_config.ent_coef": 0.2914191725109954, "hp_config.gae_lambda": 0.96, "hp_config.learning_rate": 0.0009300037948315464, "hp_config.max_grad_norm": 0.049207939423762156, "hp_config.minibatch_size": 64, "hp_config.normalize_advantage": false, "hp_config.vf_clip_eps": 0.17563545719813345, "hp_config.vf_coef": 0.15627108623203914}, "score": 0.9701172113418579, "budget_used": 1120000, "total_wallclock_time": -2568.39417719841, "total_optimization_time": 0.49986720085144043}
{"config": {"hp_config.clip_eps": 0.32421237440830697, "hp_config.ent_coef": 0.3497030070131945, "hp_config.gae_lambda": 0.9191509334762873, "hp_config.learning_rate": 0.001116004553797856, "hp_config.max_grad_norm": 0.12155610018886764, "hp_config.minibatch_size": 64, "hp_config.normalize_advantage": false, "hp_config.vf_clip_eps": 0.05913228416334937, "hp_config.vf_coef": 0.18752530347844695}, "score": 0.9701172113418579, "budget_used": 1200000, "total_wallclock_time": -2826.375538110733, "total_optimization_time": 0.738572359085083}
{"config": {"hp_config.clip_eps": 0.2593698995266456, "hp_config.ent_coef": 0.2797624056105556, "hp_config.gae_lambda": 0.9999, "hp_config.learning_rate": 0.0001004749191169725,