{"config": {"hp_config.clip_eps": 0.2744067519636624, "hp_config.ent_coef": 0.21182739966945235, "hp_config.gae_lambda": 0.9926361858241558, "hp_config.learning_rate": 0.0006921859910208612, "hp_config.max_grad_norm": 0.02021839744032572, "hp_config.minibatch_size": 128, "hp_config.normalize_advantage": true, "hp_config.vf_clip_eps": 0.26092416087503584, "hp_config.vf_coef": 0.45615033221654855}, "score": -1203.0784912109375, "budget_used": 12500.0, "total_wallclock_time": -29.53891897201538, "total_optimization_time": 0.0007181167602539062}
{"config": {"hp_config.clip_eps": 0.2744067519636624, "hp_config.ent_coef": 0.21182739966945235, "hp_config.gae_lambda": 0.9926361858241558, "hp_config.learning_rate": 0.0006921859910208612, "hp_config.max_grad_norm": 0.02021839744032572, "hp_config.minibatch_size": 128, "hp_config.normalize_advantage": true, "hp_config.vf_clip_eps": 0.26092416087503584, "hp_config.vf_coef": 0.45615033221654855}, "score": -1203.0784912109375, "budget_used": 25000.0, "total_wallclock_time": -57.53002381324768, "total_optimization_time": 0.0022881031036376953}
{"config": {"hp_config.clip_eps": 0.30138168803582194, "hp_config.ent_coef": 0.21879360563134626, "hp_config.gae_lambda": 0.9582658351127247, "hp_config.learning_rate": 2.265584636656665e-06, "hp_config.max_grad_norm": 0.7781567509498505, "hp_config.minibatch_size": 64, "hp_config.normalize_advantage": true, "hp_config.vf_clip_eps": 0.13227780605231348, "hp_config.vf_coef": 0.018789800436355142}, "score": -1195.040283203125, "budget_used": 37500.0, "total_wallclock_time": -86.281485080719, "total_optimization_time": 0.004123210906982422}
{"config": {"hp_config.clip_eps": 0.30138168803582194, "hp_config.ent_coef": 0.21879360563134626, "hp_config.gae_lambda": 0.9582658351127247, "hp_config.learning_rate": 2.265584636656665e-06, "hp_config.max_grad_norm": 0.7781567509498505, "hp_config.minibatch_size": 64, "hp_config.normalize_advantage": true, "hp_config.vf_clip_eps": 0.13227780605231348, "hp_config.vf_coef": 0.018789800436355142}, "score": -1195.040283203125, "budget_used": 50000.0, "total_wallclock_time": -113.6541109085083, "total_optimization_time": 0.0057260990142822266}
{"config": {"hp_config.clip_eps": 0.30138168803582194, "hp_config.ent_coef": 0.21879360563134626, "hp_config.gae_lambda": 0.9582658351127247, "hp_config.learning_rate": 2.265584636656665e-06, "hp_config.max_grad_norm": 0.7781567509498505, "hp_config.minibatch_size": 64, "hp_config.normalize_advantage": true, "hp_config.vf_clip_eps": 0.13227780605231348, "hp_config.vf_coef": 0.018789800436355142}, "score": -1195.040283203125, "budget_used": 62500.0, "total_wallclock_time": -141.67769598960876, "total_optimization_time": 0.007422208786010742}
{"config": {"hp_config.clip_eps": 0.30138168803582194, "hp_config.ent_coef": 0.21879360563134626, "hp_config.gae_lambda": 0.9582658351127247, "hp_config.learning_rate": 2.265584636656665e-06, "hp_config.max_grad_norm": 0.7781567509498505, "hp_config.minibatch_size": 64, "hp_config.normalize_advantage": true, "hp_config.vf_clip_eps": 0.13227780605231348, "hp_config.vf_coef": 0.018789800436355142}, "score": -1195.040283203125, "budget_used": 75000.0, "total_wallclock_time": -169.9158329963684, "total_optimization_time": 0.009033203125}
{"config": {"hp_config.clip_eps": 0.10443837804741735, "hp_config.ent_coef": 0.08065475894249813, "hp_config.gae_lambda": 0.9305563542605332, "hp_config.learning_rate": 1.846962223200756e-05, "hp_config.max_grad_norm": 0.4663107728563063, "hp_config.minibatch_size": 32, "hp_config.normalize_advantage": true, "hp_config.vf_clip_eps": 0.05518757058215257, "hp_config.vf_coef": 0.6563295894652734}, "score": -1179.6124267578125, "budget_used": 87500.0, "total_wallclock_time": -199.79362297058105, "total_optimization_time": 0.010609149932861328}
{"config": {"hp_config.clip_eps": 0.10443837804741735, "hp_config.ent_coef": 0.08065475894249813, "hp_config.gae_lambda": 0.9305563542605332, "hp_config.learning_rate": 1.846962223200756e-05, "hp_config.max_grad_norm": 0.4663107728563063, "hp_config.minibatch_size": 32, "hp_config.normalize_advantage": true, "hp_config.vf_clip_eps": 0.05518757058215257, "hp_config.vf_coef": 0.6563295894652734}, "score": -1179.6124267578125, "budget_used": 100000.0, "total_wallclock_time": -226.9964029788971, "total_optimization_time": 0.012375354766845703}
{"config": {"hp_config.clip_eps": 0.10443837804741735, "hp_config.ent_coef": 0.08065475894249813, "hp_config.gae_lambda": 0.9305563542605332, "hp_config.learning_rate": 1.846962223200756e-05, "hp_config.max_grad_norm": 0.4663107728563063, "hp_config.minibatch_size": 32, "hp_config.normalize_advantage": true, "hp_config.vf_clip_eps": 0.05518757058215257, "hp_config.vf_coef": 0.6563295894652734}, "score": -1176.01513671875, "budget_used": 125000.0, "total_wallclock_time": -257.6846590042114, "total_optimization_time": 0.014495134353637695}
{"config": {"hp_config.clip_eps": 0.10443837804741735, "hp_config.ent_coef": 0.08065475894249813, "hp_config.gae_lambda": 0.9305563542605332, "hp_config.learning_rate": 1.846962223200756e-05, "hp_config.max_grad_norm": 0.4663107728563063, "hp_config.minibatch_size": 32, "hp_config.normalize_advantage": true, "hp_config.vf_clip_eps": 0.05518757058215257, "hp_config.vf_coef": 0.6563295894652734}, "score": -1176.01513671875, "budget_used": 150000.0, "total_wallclock_time": -287.61325788497925, "total_optimization_time": 0.01637411117553711}
{"config": {"hp_config.clip_eps": 0.10443837804741735, "hp_config.ent_coef": 0.08065475894249813, "hp_config.gae_lambda": 0.9305563542605332, "hp_config.learning_rate": 1.846962223200756e-05, "hp_config.max_grad_norm": 0.4663107728563063, "hp_config.minibatch_size": 32, "hp_config.normalize_advantage": true, "hp_config.vf_clip_eps": 0.05518757058215257, "hp_config.vf_coef": 0.6563295894652734}, "score": -1176.01513671875, "budget_used": 175000.0, "total_wallclock_time": -316.351037979126, "total_optimization_time": 0.019214868545532227}
{"config": {"hp_config.clip_eps": 0.10443837804741735, "hp_config.ent_coef": 0.08065475894249813, "hp_config.gae_lambda": 0.9305563542605332, "hp_config.learning_rate": 1.846962223200756e-05, "hp_config.max_grad_norm": 0.4663107728563063, "hp_config.minibatch_size": 32, "hp_config.normalize_advantage": true, "hp_config.vf_clip_eps": 0.05518757058215257, "hp_config.vf_coef": 0.6563295894652734}, "score": -1176.01513671875, "budget_used": 200000.0, "total_wallclock_time": -345.8771319389343, "total_optimization_time": 0.021735668182373047}
{"config": {"hp_config.clip_eps": 0.10443837804741735, "hp_config.ent_coef": 0.08065475894249813, "hp_config.gae_lambda": 0.9305563542605332, "hp_config.learning_rate": 1.846962223200756e-05, "hp_config.max_grad_norm": 0.4663107728563063, "hp_config.minibatch_size": 32, "hp_config.normalize_advantage": true, "hp_config.vf_clip_eps": 0.05518757058215257, "hp_config.vf_coef": 0.6563295894652734}, "score": -1176.01513671875, "budget_used": 250000.0, "total_wallclock_time": -384.4599390029907, "total_optimization_time": 0.02415752410888672}
{"config": {"hp_config.clip_eps": 0.10443837804741735, "hp_config.ent_coef": 0.08065475894249813, "hp_config.gae_lambda": 0.9305563542605332, "hp_config.learning_rate": 1.846962223200756e-05, "hp_config.max_grad_norm": 0.4663107728563063, "hp_config.minibatch_size": 32, "hp_config.normalize_advantage": true, "hp_config.vf_clip_eps": 0.05518757058215257, "hp_config.vf_coef": 0.6563295894652734}, "score": -1176.01513671875, "budget_used": 300000.0, "total_wallclock_time": -419.2734110355377, "total_optimization_time": 0.026602745056152344}
{"config": {"hp_config.clip_eps": 0.10443837804741735, "hp_config.ent_coef": 0.08065475894249813, "hp_config.gae_lambda": 0.9305563542605332, "hp_config.learning_rate": 1.846962223200756e-05, "hp_config.max_grad_norm": 0.4663107728563063, "hp_config.minibatch_size": 32, "hp_config.normalize_advantage": true, "hp_config.vf_clip_eps": 0.05518757058215257,