{"config": {"hp_config.clip_eps": 0.2954363806240866, "hp_config.ent_coef": 0.2871626244247894, "hp_config.gae_lambda": 0.930574843889441, "hp_config.learning_rate": 0.0018218656600978453, "hp_config.max_grad_norm": 0.43141843543397396, "hp_config.minibatch_size": 128, "hp_config.normalize_advantage": true, "hp_config.vf_clip_eps": 0.2179324626328134, "hp_config.vf_coef": 0.8919233550156721}, "score": 0.03046249970793724, "budget_used": 160000, "total_wallclock_time": -180.22640705108643, "total_optimization_time": 0.0006198883056640625}
{"config": {"hp_config.clip_eps": 0.32928810235639483, "hp_config.ent_coef": 0.42375772549686536, "hp_config.gae_lambda": 0.8136937467607928, "hp_config.learning_rate": 0.00042413674780614647, "hp_config.max_grad_norm": 0.5083857592066856, "hp_config.minibatch_size": 64, "hp_config.normalize_advantage": true, "hp_config.vf_clip_eps": 0.5, "hp_config.vf_coef": 1.0}, "score": 0.4011531174182892, "budget_used": 320000, "total_wallclock_time": -362.0607509613037, "total_optimization_time": 0.03785991668701172}
{"config": {"hp_config.clip_eps": 0.3951457228276738, "hp_config.ent_coef": 0.3390061803974923, "hp_config.gae_lambda": 0.8, "hp_config.learning_rate": 0.0003393093982449172, "hp_config.max_grad_norm": 0.40670860736534853, "hp_config.minibatch_size": 64, "hp_config.normalize_advantage": true, "hp_config.vf_clip_eps": 0.4, "hp_config.vf_coef": 1.0}, "score": 0.7999718189239502, "budget_used": 480000, "total_wallclock_time": -547.4377670288086, "total_optimization_time": 0.07422184944152832}
{"config": {"hp_config.clip_eps": 0.4741748673932085, "hp_config.ent_coef": 0.40680741647699076, "hp_config.gae_lambda": 0.8090252942939887, "hp_config.learning_rate": 0.0002714475185959335, "hp_config.max_grad_norm": 0.30099054121891744, "hp_config.minibatch_size": 64, "hp_config.normalize_advantage": true, "hp_config.vf_clip_eps": 0.32000000000000006, "hp_config.vf_coef": 1.0}, "score": 0.9055781364440918, "budget_used": 640000, "total_wallclock_time": -739.8702139854431, "total_optimization_time": 0.08559274673461914}
{"config": {"hp_config.clip_eps": 0.4466963036871213, "hp_config.ent_coef": 0.48816889977238886, "hp_config.gae_lambda": 0.9436230493605208, "hp_config.learning_rate": 0.00021715801487674663, "hp_config.max_grad_norm": 0.7060462293743831, "hp_config.minibatch_size": 64, "hp_config.normalize_advantage": true, "hp_config.vf_clip_eps": 0.25600000000000006, "hp_config.vf_coef": 0.8190483770073097}, "score": 0.9055781364440918, "budget_used": 800000, "total_wallclock_time": -929.9881830215454, "total_optimization_time": 0.0983285903930664}
{"config": {"hp_config.clip_eps": 0.35735704294969706, "hp_config.ent_coef": 0.3863934089203401, "hp_config.gae_lambda": 0.9999, "hp_config.learning_rate": 0.00017372641190139748, "hp_config.max_grad_norm": 0.5648369834995065, "hp_config.minibatch_size": 64, "hp_config.normalize_advantage": true, "hp_config.vf_clip_eps": 0.3072000000000001, "hp_config.vf_coef": 0.15152794476967824}, "score": 0.9055781364440918, "budget_used": 960000, "total_wallclock_time": -1132.538066148758, "total_optimization_time": 0.1128995418548584}
{"config": {"hp_config.clip_eps": 0.42882845153963645, "hp_config.ent_coef": 0.20525702144191765, "hp_config.gae_lambda": 0.8273503878356174, "hp_config.learning_rate": 0.00020847169428167702, "hp_config.max_grad_norm": 0.4518695867996052, "hp_config.minibatch_size": 64, "hp_config.normalize_advantage": true, "hp_config.vf_clip_eps": 0.3686400000000001, "hp_config.vf_coef": 0.5670397101733254}, "score": 0.9636062383651733, "budget_used": 1120000, "total_wallclock_time": -1322.5759720802307, "total_optimization_time": 0.12757468223571777}
{"config": {"hp_config.clip_eps": 0.5, "hp_config.ent_coef": 0.19664708837157951, "hp_config.gae_lambda": 0.9928204654027408, "hp_config.learning_rate": 0.00016677735542534148, "hp_config.max_grad_norm": 0.3614956694396842, "hp_config.minibatch_size": 64, "hp_config.normalize_advantage": true, "hp_config.vf_clip_eps": 0.4423680000000001, "hp_config.vf_coef": 0.3695677193621284}, "score": 0.9638874530792236, "budget_used": 1280000, "total_wallclock_time": -1524.5997931957245, "total_optimization_time": 0.1593163013458252}
{"config": {"hp_config.clip_eps": 0.4, "hp_config.ent_coef": 0.2359765060458954, "hp_config.gae_lambda": 0.9999, "hp_config.learning_rate": 0.00013342188434027307, "hp_config.max_grad_norm": 0.9002643764424108, "hp_config.minibatch_size": 64, "hp_config.normalize_advantage": true, "hp_config.vf_clip_eps": 0.12885364873961147, "hp_config.vf_coef": 0.19795391753491354}, "score": 0.9638874530792236, "budget_used": 1440000, "total_wallclock_time": -1730.3486540317535, "total_optimization_time": 0.18089628219604492}
{"config": {"hp_config.clip_eps": 0.48, "hp_config.ent_coef": 0.18878120483671634, "hp_config.gae_lambda": 0.8, "hp_config.learning_rate": 0.00191356318950027, "hp_config.max_grad_norm": 0.9691360022967782, "hp_config.minibatch_size": 32, "hp_config.normalize_advantage": true, "hp_config.vf_clip_eps": 0.39072720804034955, "hp_config.vf_coef": 0.15836313402793084}, "score": 0.9638874530792236, "budget_used": 1600000, "total_wallclock_time": -1929.8198928833008, "total_optimization_time": 0.198836088180542}
{"config": {"hp_config.clip_eps": 0.1768502157272392, "hp_config.ent_coef": 0.15102496386937309, "hp_config.gae_lambda": 0.9478404445794211, "hp_config.learning_rate": 0.06247953932445424, "hp_config.max_grad_norm": 1.0, "hp_config.minibatch_size": 32, "hp_config.normalize_advantage": true, "hp_config.vf_clip_eps": 0.46887264964841946, "hp_config.vf_coef": 0.190035760833517}, "score": 0.9638874530792236, "budget_used": 1610000, "total_wallclock_time": -1941.7202699184418, "total_optimization_time": 0.22672224044799805}
