{"config": {"hp_config.clip_eps": 0.3353189348090797, "hp_config.ent_coef": 0.10519128053692045, "hp_config.gae_lambda": 0.8257723669012053, "hp_config.learning_rate": 3.7769545138788986e-05, "hp_config.max_grad_norm": 0.3637107709426226, "hp_config.minibatch_size": 64, "hp_config.normalize_advantage": true, "hp_config.vf_clip_eps": 0.4941869190296131, "hp_config.vf_coef": 0.10204481074802807}, "score": 0.9646468758583069, "budget_used": 16, "total_wallclock_time": -262.7519528865814, "total_optimization_time": 0.0007529258728027344}
