{"config": {"hp_config.clip_eps": 0.19172075941288885, "hp_config.ent_coef": 0.3958625190413323, "hp_config.gae_lambda": 0.9057260944586056, "hp_config.learning_rate": 0.0006921859910208612, "hp_config.max_grad_norm": 0.925596638292661, "hp_config.minibatch_size": 32, "hp_config.normalize_advantage": true, "hp_config.vf_clip_eps": 0.01010919872016286, "hp_config.vf_coef": 0.832619845547938}, "score": 500.0, "budget_used": 320000, "total_wallclock_time": -46.09977197647095, "total_optimization_time": 0.0017800331115722656}
{"config": {"hp_config.clip_eps": 0.2300649112954666, "hp_config.ent_coef": 0.3835914029956307, "hp_config.gae_lambda": 0.9999, "hp_config.learning_rate": 0.000553748792816689, "hp_config.max_grad_norm": 0.7404773106341289, "hp_config.minibatch_size": 32, "hp_config.normalize_advantage": true, "hp_config.vf_clip_eps": 0.008087358976130289, "hp_config.vf_coef": 0.33072333042882096}, "score": 500.0, "budget_used": 640000, "total_wallclock_time": -95.56462812423706, "total_optimization_time": 0.04028439521789551}
{"config": {"hp_config.clip_eps": 0.21908574307061296, "hp_config.ent_coef": 0.4603096835947568, "hp_config.gae_lambda": 0.9999, "hp_config.learning_rate": 3.174077980792451e-05, "hp_config.max_grad_norm": 0.8885727727609547, "hp_config.minibatch_size": 32, "hp_config.normalize_advantage": true, "hp_config.vf_clip_eps": 0.16773846175270424, "hp_config.vf_coef": 0.39686799651458515}, "score": 500.0, "budget_used": 960000, "total_wallclock_time": -144.34496808052063, "total_optimization_time": 0.0687863826751709}
{"config": {"hp_config.clip_eps": 0.3831733286564067, "hp_config.ent_coef": 0.5, "hp_config.gae_lambda": 0.9040481935155518, "hp_config.learning_rate": 3.8088935769509425e-05, "hp_config.max_grad_norm": 0.041718097473284144, "hp_config.minibatch_size": 64, "hp_config.normalize_advantage": true, "hp_config.vf_clip_eps": 0.1341907694021634, "hp_config.vf_coef": 0.8277279363366432}, "score": 500.0, "budget_used": 1280000, "total_wallclock_time": -191.7889440059662, "total_optimization_time": 0.0792233943939209}
{"config": {"hp_config.clip_eps": 0.459807994387688, "hp_config.ent_coef": 0.5, "hp_config.gae_lambda": 0.9999, "hp_config.learning_rate": 1.5003460989340467e-06, "hp_config.max_grad_norm": 0.03337447797862732, "hp_config.minibatch_size": 64, "hp_config.normalize_advantage": true, "hp_config.vf_clip_eps": 0.16102892328259608, "hp_config.vf_coef": 0.6621823490693146}, "score": 500.0, "budget_used": 1600000, "total_wallclock_time": -240.0457420349121, "total_optimization_time": 0.08921551704406738}
{"config": {"hp_config.clip_eps": 0.459807994387688, "hp_config.ent_coef": 0.5, "hp_config.gae_lambda": 0.9999, "hp_config.learning_rate": 1.5003460989340467e-06, "hp_config.max_grad_norm": 0.03337447797862732, "hp_config.minibatch_size": 64, "hp_config.normalize_advantage": true, "hp_config.vf_clip_eps": 0.16102892328259608, "hp_config.vf_coef": 0.6621823490693146}, "score": 500.0, "budget_used": 1620000, "total_wallclock_time": -242.98970413208008, "total_optimization_time": 0.09338569641113281}
