{"config": {"hp_config.clip_eps": 0.2954363806240866, "hp_config.ent_coef": 0.2871626244247894, "hp_config.gae_lambda": 0.930574843889441, "hp_config.learning_rate": 0.0018218656600978453, "hp_config.max_grad_norm": 0.43141843543397396, "hp_config.minibatch_size": 128, "hp_config.normalize_advantage": true, "hp_config.vf_clip_eps": 0.2179324626328134, "hp_config.vf_coef": 0.8919233550156721}, "score": -1093.2763671875, "budget_used": 80000, "total_wallclock_time": -45.77934789657593, "total_optimization_time": 0.0008099079132080078}
{"config": {"hp_config.clip_eps": 0.3020619348186091, "hp_config.ent_coef": 0.025658998539513745, "hp_config.gae_lambda": 0.8884104495884882, "hp_config.learning_rate": 0.0008169369076161442, "hp_config.max_grad_norm": 0.03427233220989767, "hp_config.minibatch_size": 64, "hp_config.normalize_advantage": true, "hp_config.vf_clip_eps": 0.23037859822247173, "hp_config.vf_coef": 1.0}, "score": -1084.14208984375, "budget_used": 160000, "total_wallclock_time": -90.01667594909668, "total_optimization_time": 0.03699374198913574}
{"config": {"hp_config.clip_eps": 0.15466337644833977, "hp_config.ent_coef": 0.020527198831611, "hp_config.gae_lambda": 0.8, "hp_config.learning_rate": 0.0009803242891393733, "hp_config.max_grad_norm": 0.02741786576791814, "hp_config.minibatch_size": 64, "hp_config.normalize_advantage": true, "hp_config.vf_clip_eps": 0.1843028785779774, "hp_config.vf_coef": 0.8}, "score": -1035.2843017578125, "budget_used": 240000, "total_wallclock_time": -133.96363472938538, "total_optimization_time": 0.07372474670410156}
{"config": {"hp_config.clip_eps": 0.18559605173800772, "hp_config.ent_coef": 0.024632638597933198, "hp_config.gae_lambda": 0.8, "hp_config.learning_rate": 0.0011763891469672482, "hp_config.max_grad_norm": 0.03290143892150176, "hp_config.minibatch_size": 64, "hp_config.normalize_advantage": true, "hp_config.vf_clip_eps": 0.1474423028623819, "hp_config.vf_coef": 0.96}, "score": -1035.2843017578125, "budget_used": 320000, "total_wallclock_time": -176.87567687034607, "total_optimization_time": 0.0855264663696289}
{"config": {"hp_config.clip_eps": 0.22271526208560927, "hp_config.ent_coef": 0.49780272497169237, "hp_config.gae_lambda": 0.945637219388328, "hp_config.learning_rate": 1.9217194835372587e-05, "hp_config.max_grad_norm": 0.03948172670580211, "hp_config.minibatch_size": 64, "hp_config.normalize_advantage": true, "hp_config.vf_clip_eps": 0.31731577005881956, "hp_config.vf_coef": 1.0}, "score": -1035.2843017578125, "budget_used": 400000, "total_wallclock_time": -219.49774289131165, "total_optimization_time": 0.10480332374572754}
{"config": {"hp_config.clip_eps": 0.17817220966848743, "hp_config.ent_coef": 0.08023337935650904, "hp_config.gae_lambda": 0.8, "hp_config.learning_rate": 1.5373755868298057e-05, "hp_config.max_grad_norm": 0.031585381364641694, "hp_config.minibatch_size": 64, "hp_config.normalize_advantage": true, "hp_config.vf_clip_eps": 0.38077892407058345, "hp_config.vf_coef": 1.0}, "score": -1035.2843017578125, "budget_used": 480000, "total_wallclock_time": -264.4022479057312, "total_optimization_time": 0.1173403263092041}
{"config": {"hp_config.clip_eps": 0.4, "hp_config.ent_coef": 0.23043224984374527, "hp_config.gae_lambda": 0.96, "hp_config.learning_rate": 0.02264374839158071, "hp_config.max_grad_norm": 0.08718900236314839, "hp_config.minibatch_size": 32, "hp_config.normalize_advantage": false, "hp_config.vf_clip_eps": 0.22694956666161165, "hp_config.vf_coef": 0.8665135407160083}, "score": NaN, "budget_used": 560000, "total_wallclock_time": -308.364933013916, "total_optimization_time": 0.14080357551574707}
{"config": {"hp_config.clip_eps": 0.48, "hp_config.ent_coef": 0.27651869981249433, "hp_config.gae_lambda": 0.8, "hp_config.learning_rate": 0.00024261614351082028, "hp_config.max_grad_norm": 0.06975120189051871, "hp_config.minibatch_size": 32, "hp_config.normalize_advantage": false, "hp_config.vf_clip_eps": 0.18155965332928933, "hp_config.vf_coef": 1.0}, "score": NaN, "budget_used": 640000, "total_wallclock_time": -349.9098958969116, "total_optimization_time": 0.16370773315429688}
{"config": {"hp_config.clip_eps": 0.5, "hp_config.ent_coef": 0.22121495984999548, "hp_config.gae_lambda": 0.9447856000734053, "hp_config.learning_rate": 0.00029113937221298444, "hp_config.max_grad_norm": 0.055800961512414975, "hp_config.minibatch_size": 64, "hp_config.normalize_advantage": false, "hp_config.vf_clip_eps": 0.2178715839951472, "hp_config.vf_coef": 0.02501761897267607}, "score": NaN, "budget_used": 720000, "total_wallclock_time": -392.37168979644775, "total_optimization_time": 0.17714571952819824}
{"config": {"hp_config.clip_eps": 0.4, "hp_config.ent_coef": 0.2661163407603837, "hp_config.gae_lambda": 0.8314585542606432, "hp_config.learning_rate": 0.0003493672466555814, "hp_config.max_grad_norm": 0.38282997535493035, "hp_config.minibatch_size": 64, "hp_config.normalize_advantage": false, "hp_config.vf_clip_eps": 0.17429726719611777, "hp_config.vf_coef": 0.12182759026320589}, "score": NaN, "budget_used": 800000, "total_wallclock_time": -434.35356283187866, "total_optimization_time": 0.1920015811920166}
{"config": {"hp_config.clip_eps": 0.32000000000000006, "hp_config.ent_coef": 0.21289307260830698, "hp_config.gae_lambda": 0.8419938950407885, "hp_config.learning_rate": 0.0004192406959866974, "hp_config.max_grad_norm": 0.3062639802839443, "hp_config.minibatch_size": 64, "hp_config.normalize_advantage": false, "hp_config.vf_clip_eps": 0.1394378137568942, "hp_config.vf_coef": 0.8813514850048438}, "score": NaN, "budget_used": 880000, "total_wallclock_time": -478.09846901893616, "total_optimization_time": 0.22037863731384277}
{"config": {"hp_config.clip_eps": 0.25600000000000006, "hp_config.ent_coef": 0.2554716871299684, "hp_config.gae_lambda": 0.8, "hp_config.learning_rate": 0.00033539255678935795, "hp_config.max_grad_norm": 0.7839359977156457, "hp_config.minibatch_size": 64, "hp_config.normalize_advantage": false, "hp_config.vf_clip_eps": 0.16732537650827303, "hp_config.vf_coef": 0.6061783349757316}, "score": NaN, "budget_used": 960000, "total_wallclock_time": -522.1376769542694, "total_optimization_time": 0.2385847568511963}
{"config": {"hp_config.clip_eps": 0.2848020068546832, "hp_config.ent_coef": 0.2043773497039747, "hp_config.gae_lambda": 0.96, "hp_config.learning_rate": 0.0002683140454314866, "hp_config.max_grad_norm": 0.3572783472401667, "hp_config.minibatch_size": 64, "hp_config.normalize_advantage": false, "hp_config.vf_clip_eps": 0.20079045180992763, "hp_config.vf_coef": 0.7274140019708779}, "score": NaN, "budget_used": 1040000, "total_wallclock_time": -572.1599369049072, "total_optimization_time": 0.25861191749572754}
{"config": {"hp_config.clip_eps": 0.22784160548374657, "hp_config.ent_coef": 0.24525281964476964, "hp_config.gae_lambda": 0.9999, "hp_config.learning_rate": 0.0002146512363451891, "hp_config.max_grad_norm": 0.42873401668820005, "hp_config.minibatch_size": 64, "hp_config.normalize_advantage": false, "hp_config.vf_clip_eps": 0.26712176672939003, "hp_config.vf_coef": 0.5819312015767023}, "score": NaN, "budget_used": 1120000, "total_wallclock_time": -614.0264458656311, "total_optimization_time": 0.27727699279785156}
{"config": {"hp_config.clip_eps": 0.18227328438699728, "hp_config.ent_coef": 0.29430338357372354, "hp_config.gae_lambda": 0.9999, "hp_config.learning_rate": 0.00017172098907615116, "hp_config.max_grad_norm": 0.5144808200258401, "hp_config.minibatch_size": 64, "hp_config.normalize_advantage": false, "hp_config.vf_clip_eps": 0.21369741338351203, "hp_config.vf_coef": 0.7196962377763786}, "score": NaN, "budget_used": 1200000, "total_wallclock_time": -653.9414267539978, "total_optimization_time": 0.290485143661499}
{"config": {"hp_config.clip_eps": 0.3392401394926179, "hp_config.ent_coef": 0.4771638596713988, "hp_config.gae_lambda": 0.9999, "hp_config.learning_rate": 0.00013737679126092105, "hp_config.max_grad_norm": 0.617376984031008, "hp_config.minibatch_size": 64,