{"config": {"hp_config.clip_eps": 0.2744067519636624, "hp_config.ent_coef": 0.21182739966945235, "hp_config.gae_lambda": 0.9926361858241558, "hp_config.learning_rate": 0.0006921859910208612, "hp_config.max_grad_norm": 0.02021839744032572, "hp_config.minibatch_size": 128, "hp_config.normalize_advantage": true, "hp_config.vf_clip_eps": 0.26092416087503584, "hp_config.vf_coef": 0.45615033221654855}, "score": -473.078125, "budget_used": 12500.0, "total_wallclock_time": -40.28813815116882, "total_optimization_time": 0.0007109642028808594}
{"config": {"hp_config.clip_eps": 0.2744067519636624, "hp_config.ent_coef": 0.21182739966945235, "hp_config.gae_lambda": 0.9926361858241558, "hp_config.learning_rate": 0.0006921859910208612, "hp_config.max_grad_norm": 0.02021839744032572, "hp_config.minibatch_size": 128, "hp_config.normalize_advantage": true, "hp_config.vf_clip_eps": 0.26092416087503584, "hp_config.vf_coef": 0.45615033221654855}, "score": -473.078125, "budget_used": 25000.0, "total_wallclock_time": -80.16356587409973, "total_optimization_time": 0.004544973373413086}
{"config": {"hp_config.clip_eps": 0.30138168803582194, "hp_config.ent_coef": 0.21879360563134626, "hp_config.gae_lambda": 0.9582658351127247, "hp_config.learning_rate": 2.265584636656665e-06, "hp_config.max_grad_norm": 0.7781567509498505, "hp_config.minibatch_size": 64, "hp_config.normalize_advantage": true, "hp_config.vf_clip_eps": 0.13227780605231348, "hp_config.vf_coef": 0.018789800436355142}, "score": -381.25390625, "budget_used": 37500.0, "total_wallclock_time": -122.83816885948181, "total_optimization_time": 0.006587982177734375}
{"config": {"hp_config.clip_eps": 0.30138168803582194, "hp_config.ent_coef": 0.21879360563134626, "hp_config.gae_lambda": 0.9582658351127247, "hp_config.learning_rate": 2.265584636656665e-06, "hp_config.max_grad_norm": 0.7781567509498505, "hp_config.minibatch_size": 64, "hp_config.normalize_advantage": true, "hp_config.vf_clip_eps": 0.13227780605231348, "hp_config.vf_coef": 0.018789800436355142}, "score": -381.25390625, "budget_used": 50000.0, "total_wallclock_time": -161.54766392707825, "total_optimization_time": 0.010631084442138672}
{"config": {"hp_config.clip_eps": 0.30138168803582194, "hp_config.ent_coef": 0.21879360563134626, "hp_config.gae_lambda": 0.9582658351127247, "hp_config.learning_rate": 2.265584636656665e-06, "hp_config.max_grad_norm": 0.7781567509498505, "hp_config.minibatch_size": 64, "hp_config.normalize_advantage": true, "hp_config.vf_clip_eps": 0.13227780605231348, "hp_config.vf_coef": 0.018789800436355142}, "score": -381.25390625, "budget_used": 62500.0, "total_wallclock_time": -199.97397804260254, "total_optimization_time": 0.011920928955078125}
{"config": {"hp_config.clip_eps": 0.3353189348090797, "hp_config.ent_coef": 0.10519128053692045, "hp_config.gae_lambda": 0.8257723669012053, "hp_config.learning_rate": 3.7769545138788986e-05, "hp_config.max_grad_norm": 0.3637107709426226, "hp_config.minibatch_size": 64, "hp_config.normalize_advantage": true, "hp_config.vf_clip_eps": 0.4941869190296131, "hp_config.vf_coef": 0.10204481074802807}, "score": -97.07734680175781, "budget_used": 75000.0, "total_wallclock_time": -236.6707968711853, "total_optimization_time": 0.01409006118774414}
{"config": {"hp_config.clip_eps": 0.3353189348090797, "hp_config.ent_coef": 0.10519128053692045, "hp_config.gae_lambda": 0.8257723669012053, "hp_config.learning_rate": 3.7769545138788986e-05, "hp_config.max_grad_norm": 0.3637107709426226, "hp_config.minibatch_size": 64, "hp_config.normalize_advantage": true, "hp_config.vf_clip_eps": 0.4941869190296131, "hp_config.vf_coef": 0.10204481074802807}, "score": -97.07734680175781, "budget_used": 87500.0, "total_wallclock_time": -275.4910840988159, "total_optimization_time": 0.016637086868286133}
{"config": {"hp_config.clip_eps": 0.3353189348090797, "hp_config.ent_coef": 0.10519128053692045, "hp_config.gae_lambda": 0.8257723669012053, "hp_config.learning_rate": 3.7769545138788986e-05, "hp_config.max_grad_norm": 0.3637107709426226, "hp_config.minibatch_size": 64, "hp_config.normalize_advantage": true, "hp_config.vf_clip_eps": 0.4941869190296131, "hp_config.vf_coef": 0.10204481074802807}, "score": -97.07734680175781, "budget_used": 100000.0, "total_wallclock_time": -314.1547291278839, "total_optimization_time": 0.018593311309814453}
{"config": {"hp_config.clip_eps": 0.3353189348090797, "hp_config.ent_coef": 0.10519128053692045, "hp_config.gae_lambda": 0.8257723669012053, "hp_config.learning_rate": 3.7769545138788986e-05, "hp_config.max_grad_norm": 0.3637107709426226, "hp_config.minibatch_size": 64, "hp_config.normalize_advantage": true, "hp_config.vf_clip_eps": 0.4941869190296131, "hp_config.vf_coef": 0.10204481074802807}, "score": -92.5875015258789, "budget_used": 125000.0, "total_wallclock_time": -353.66675996780396, "total_optimization_time": 0.021569252014160156}
{"config": {"hp_config.clip_eps": 0.3353189348090797, "hp_config.ent_coef": 0.10519128053692045, "hp_config.gae_lambda": 0.8257723669012053, "hp_config.learning_rate": 3.7769545138788986e-05, "hp_config.max_grad_norm": 0.3637107709426226, "hp_config.minibatch_size": 64, "hp_config.normalize_advantage": true, "hp_config.vf_clip_eps": 0.4941869190296131, "hp_config.vf_coef": 0.10204481074802807}, "score": -92.5875015258789, "budget_used": 150000.0, "total_wallclock_time": -395.36066699028015, "total_optimization_time": 0.024688005447387695}
{"config": {"hp_config.clip_eps": 0.3353189348090797, "hp_config.ent_coef": 0.10519128053692045, "hp_config.gae_lambda": 0.8257723669012053, "hp_config.learning_rate": 3.7769545138788986e-05, "hp_config.max_grad_norm": 0.3637107709426226, "hp_config.minibatch_size": 64, "hp_config.normalize_advantage": true, "hp_config.vf_clip_eps": 0.4941869190296131, "hp_config.vf_coef": 0.10204481074802807}, "score": -92.5875015258789, "budget_used": 175000.0, "total_wallclock_time": -436.59806203842163, "total_optimization_time": 0.027477264404296875}
{"config": {"hp_config.clip_eps": 0.3353189348090797, "hp_config.ent_coef": 0.10519128053692045, "hp_config.gae_lambda": 0.8257723669012053, "hp_config.learning_rate": 3.7769545138788986e-05, "hp_config.max_grad_norm": 0.3637107709426226, "hp_config.minibatch_size": 64, "hp_config.normalize_advantage": true, "hp_config.vf_clip_eps": 0.4941869190296131, "hp_config.vf_coef": 0.10204481074802807}, "score": -92.5875015258789, "budget_used": 200000.0, "total_wallclock_time": -477.92615509033203, "total_optimization_time": 0.03118419647216797}
{"config": {"hp_config.clip_eps": 0.3353189348090797, "hp_config.ent_coef": 0.10519128053692045, "hp_config.gae_lambda": 0.8257723669012053, "hp_config.learning_rate": 3.7769545138788986e-05, "hp_config.max_grad_norm": 0.3637107709426226, "hp_config.minibatch_size": 64, "hp_config.normalize_advantage": true, "hp_config.vf_clip_eps": 0.4941869190296131, "hp_config.vf_coef": 0.10204481074802807}, "score": -92.5875015258789, "budget_used": 250000.0, "total_wallclock_time": -524.2106940746307, "total_optimization_time": 0.035017967224121094}
{"config": {"hp_config.clip_eps": 0.3353189348090797, "hp_config.ent_coef": 0.10519128053692045, "hp_config.gae_lambda": 0.8257723669012053, "hp_config.learning_rate": 3.7769545138788986e-05, "hp_config.max_grad_norm": 0.3637107709426226, "hp_config.minibatch_size": 64, "hp_config.normalize_advantage": true, "hp_config.vf_clip_eps": 0.4941869190296131, "hp_config.vf_coef": 0.10204481074802807}, "score": -92.5875015258789, "budget_used": 300000.0, "total_wallclock_time": -572.8989410400391, "total_optimization_time": 0.03859877586364746}
{"config": {"hp_config.clip_eps": 0.3353189348090797, "hp_config.ent_coef": 0.10519128053692045, "hp_config.gae_lambda": 0.8257723669012053, "hp_config.learning_rate": 3.7769545138788986e-05, "hp_config.max_grad_norm": 0.3637107709426226, "hp_config.minibatch_size": 64, "hp_config.normalize_advantage": true, "hp_config.vf_clip_eps": 0.4941869190296131, "hp_config.vf_coef": 0.10204481074802807},