{"config": {"hp_config.clip_eps": 0.2744067519636624, "hp_config.ent_coef": 0.35759468318620974, "hp_config.gae_lambda": 0.9204923988767216, "hp_config.learning_rate": 0.0005301709347576831, "hp_config.max_grad_norm": 0.4236547993389047, "hp_config.minibatch_size": 64, "hp_config.normalize_advantage": true, "hp_config.vf_clip_eps": 0.4458865003910399, "hp_config.vf_coef": 0.9636627605010293}, "score": -1067.45458984375, "budget_used": 160000, "total_wallclock_time": -43.7428457736969, "total_optimization_time": 0.0007579326629638672}
{"config": {"hp_config.clip_eps": 0.32928810235639483, "hp_config.ent_coef": 0.01048079157687487, "hp_config.gae_lambda": 0.8896326506244625, "hp_config.learning_rate": 0.00042413674780614647, "hp_config.max_grad_norm": 0.5083857592066856, "hp_config.minibatch_size": 64, "hp_config.normalize_advantage": false, "hp_config.vf_clip_eps": 0.5, "hp_config.vf_coef": 1.0}, "score": -1067.45458984375, "budget_used": 320000, "total_wallclock_time": -85.90825271606445, "total_optimization_time": 0.03909587860107422}
{"config": {"hp_config.clip_eps": 0.3951457228276738, "hp_config.ent_coef": 0.008384633261499897, "hp_config.gae_lambda": 0.8, "hp_config.learning_rate": 0.0003393093982449172, "hp_config.max_grad_norm": 0.40670860736534853, "hp_config.minibatch_size": 64, "hp_config.normalize_advantage": false, "hp_config.vf_clip_eps": 0.5, "hp_config.vf_coef": 1.0}, "score": -1067.45458984375, "budget_used": 480000, "total_wallclock_time": -130.18660497665405, "total_optimization_time": 0.0695638656616211}
{"config": {"hp_config.clip_eps": 0.2910598867682919, "hp_config.ent_coef": 0.496217015006036, "hp_config.gae_lambda": 0.96, "hp_config.learning_rate": 0.01000283012159922, "hp_config.max_grad_norm": 0.7873332960230698, "hp_config.minibatch_size": 128, "hp_config.normalize_advantage": true, "hp_config.vf_clip_eps": 0.18306989091481451, "hp_config.vf_coef": 0.232545539661563}, "score": -1033.495849609375, "budget_used": 640000, "total_wallclock_time": -170.38560485839844, "total_optimization_time": 0.08005976676940918}
{"config": {"hp_config.clip_eps": 0.10958803998479899, "hp_config.ent_coef": 0.3629398095562143, "hp_config.gae_lambda": 0.8567532899517946, "hp_config.learning_rate": 0.003517049547961325, "hp_config.max_grad_norm": 0.6006541538688802, "hp_config.minibatch_size": 32, "hp_config.normalize_advantage": false, "hp_config.vf_clip_eps": 0.00617703818879802, "hp_config.vf_coef": 0.23788953345545227}, "score": -955.9825439453125, "budget_used": 800000, "total_wallclock_time": -214.35737586021423, "total_optimization_time": 0.09572124481201172}
{"config": {"hp_config.clip_eps": 0.19155203787941916, "hp_config.ent_coef": 0.38307043274966973, "hp_config.gae_lambda": 0.9999, "hp_config.learning_rate": 0.0042204594575535916, "hp_config.max_grad_norm": 0.7207849846426563, "hp_config.minibatch_size": 32, "hp_config.normalize_advantage": false, "hp_config.vf_clip_eps": 0.004941630551038416, "hp_config.vf_coef": 0.19031162676436184}, "score": -914.8521728515625, "budget_used": 960000, "total_wallclock_time": -262.5871789455414, "total_optimization_time": 0.10893940925598145}
{"config": {"hp_config.clip_eps": 0.002263535874582001, "hp_config.ent_coef": 0.5, "hp_config.gae_lambda": 0.9999, "hp_config.learning_rate": 0.004195500814423077, "hp_config.max_grad_norm": 0.32768000000000014, "hp_config.minibatch_size": 32, "hp_config.normalize_advantage": false, "hp_config.vf_clip_eps": 0.05627513822002977, "hp_config.vf_coef": 0.588622959035669}, "score": -780.8385620117188, "budget_used": 1120000, "total_wallclock_time": -312.54937982559204, "total_optimization_time": 0.12433815002441406}
{"config": {"hp_config.clip_eps": 0.08177679306691715, "hp_config.ent_coef": 0.15958196232174948, "hp_config.gae_lambda": 0.8, "hp_config.learning_rate": 0.00486801488642147, "hp_config.max_grad_norm": 0.7680000000000001, "hp_config.minibatch_size": 32, "hp_config.normalize_advantage": false, "hp_config.vf_clip_eps": 0.32000000000000006, "hp_config.vf_coef": 1.0}, "score": -561.7139282226562, "budget_used": 1280000, "total_wallclock_time": -358.578204870224, "total_optimization_time": 0.17164897918701172}
{"config": {"hp_config.clip_eps": 0.1529147326547673, "hp_config.ent_coef": 0.480365181516061, "hp_config.gae_lambda": 0.96, "hp_config.learning_rate": 0.003894411909137172, "hp_config.max_grad_norm": 0.5972762641389722, "hp_config.minibatch_size": 32, "hp_config.normalize_advantage": false, "hp_config.vf_clip_eps": 0.25600000000000006, "hp_config.vf_coef": 0.8}, "score": -561.7139282226562, "budget_used": 1440000, "total_wallclock_time": -410.1419277191162, "total_optimization_time": 0.18880486488342285}
{"config": {"hp_config.clip_eps": 0.0842845278953136, "hp_config.ent_coef": 0.19644925260974433, "hp_config.gae_lambda": 0.8, "hp_config.learning_rate": 0.004673294290964608, "hp_config.max_grad_norm": 0.47782101131117777, "hp_config.minibatch_size": 32, "hp_config.normalize_advantage": false, "hp_config.vf_clip_eps": 0.20480000000000007, "hp_config.vf_coef": 0.20517608443317592}, "score": -561.7139282226562, "budget_used": 1600000, "total_wallclock_time": -461.90502071380615, "total_optimization_time": 0.20617294311523438}
{"config": {"hp_config.clip_eps": 0.0842845278953136, "hp_config.ent_coef": 0.19644925260974433, "hp_config.gae_lambda": 0.8, "hp_config.learning_rate": 0.004673294290964608, "hp_config.max_grad_norm": 0.47782101131117777, "hp_config.minibatch_size": 32, "hp_config.normalize_advantage": false, "hp_config.vf_clip_eps": 0.20480000000000007, "hp_config.vf_coef": 0.20517608443317592}, "score": -561.7139282226562, "budget_used": 1610000, "total_wallclock_time": -464.71508598327637, "total_optimization_time": 0.22093486785888672}
