{"config": {"hp_config.clip_eps": 0.20713149725733498, "hp_config.ent_coef": 0.03207374817439218, "hp_config.gae_lambda": 0.938425176662067, "hp_config.learning_rate": 0.0006807807563467866, "hp_config.max_grad_norm": 0.2653894909394454, "hp_config.minibatch_size": 64, "hp_config.normalize_advantage": true, "hp_config.vf_clip_eps": 0.28797324777808964, "hp_config.vf_coef": 0.9292961975762141}, "score": 0.9694843292236328, "budget_used": 160000, "total_wallclock_time": -162.94798684120178, "total_optimization_time": 0.0007190704345703125}
{"config": {"hp_config.clip_eps": 0.24855779670880196, "hp_config.ent_coef": 0.025658998539513745, "hp_config.gae_lambda": 0.9999, "hp_config.learning_rate": 0.0005446246050774298, "hp_config.max_grad_norm": 0.5474469957423151, "hp_config.minibatch_size": 128, "hp_config.normalize_advantage": true, "hp_config.vf_clip_eps": 0.23037859822247173, "hp_config.vf_coef": 1.0}, "score": 0.9694843292236328, "budget_used": 320000, "total_wallclock_time": -337.8032739162445, "total_optimization_time": 0.07307720184326172}
{"config": {"hp_config.clip_eps": 0.1640000385750276, "hp_config.ent_coef": 0.020527198831611, "hp_config.gae_lambda": 0.8, "hp_config.learning_rate": 0.0006535495260929153, "hp_config.max_grad_norm": 0.43795759659385214, "hp_config.minibatch_size": 128, "hp_config.normalize_advantage": true, "hp_config.vf_clip_eps": 0.1843028785779774, "hp_config.vf_coef": 0.8}, "score": 0.9694843292236328, "budget_used": 480000, "total_wallclock_time": -492.29890608787537, "total_optimization_time": 0.11547327041625977}
{"config": {"hp_config.clip_eps": 0.19680004629003311, "hp_config.ent_coef": 0.024632638597933198, "hp_config.gae_lambda": 0.8, "hp_config.learning_rate": 0.0007842594313114987, "hp_config.max_grad_norm": 0.5255491159126225, "hp_config.minibatch_size": 128, "hp_config.normalize_advantage": true, "hp_config.vf_clip_eps": 0.1474423028623819, "hp_config.vf_coef": 0.96}, "score": 0.9694843292236328, "budget_used": 640000, "total_wallclock_time": -649.5370869636536, "total_optimization_time": 0.12518525123596191}
{"config": {"hp_config.clip_eps": 0.23616005554803973, "hp_config.ent_coef": 0.398956267647769, "hp_config.gae_lambda": 0.8694324904159546, "hp_config.learning_rate": 0.0007741601901992018, "hp_config.max_grad_norm": 0.630658939095147, "hp_config.minibatch_size": 128, "hp_config.normalize_advantage": true, "hp_config.vf_clip_eps": 0.012855673594750705, "hp_config.vf_coef": 1.0}, "score": 0.9694843292236328, "budget_used": 800000, "total_wallclock_time": -810.6060509681702, "total_optimization_time": 0.13544130325317383}
{"config": {"hp_config.clip_eps": 0.1889280444384318, "hp_config.ent_coef": 0.21930978975990462, "hp_config.gae_lambda": 0.8, "hp_config.learning_rate": 0.0006193281521593614, "hp_config.max_grad_norm": 0.5045271512761177, "hp_config.minibatch_size": 128, "hp_config.normalize_advantage": true, "hp_config.vf_clip_eps": 0.015426808313700845, "hp_config.vf_coef": 1.0}, "score": 0.9694843292236328, "budget_used": 960000, "total_wallclock_time": -975.0528719425201, "total_optimization_time": 0.15213632583618164}
{"config": {"hp_config.clip_eps": 0.15114243555074547, "hp_config.ent_coef": 0.4544542076032614, "hp_config.gae_lambda": 0.8, "hp_config.learning_rate": 0.000743193782591234, "hp_config.max_grad_norm": 0.692109714370043, "hp_config.minibatch_size": 128, "hp_config.normalize_advantage": true, "hp_config.vf_clip_eps": 0.012341446650960677, "hp_config.vf_coef": 1.0}, "score": 0.9694843292236328, "budget_used": 1120000, "total_wallclock_time": -1145.3374998569489, "total_optimization_time": 0.17739129066467285}
{"config": {"hp_config.clip_eps": 0.12091394844059639, "hp_config.ent_coef": 0.5, "hp_config.gae_lambda": 0.96, "hp_config.learning_rate": 0.033266073019914334, "hp_config.max_grad_norm": 0.5536877714960344, "hp_config.minibatch_size": 128, "hp_config.normalize_advantage": true, "hp_config.vf_clip_eps": 0.4435993942585857, "hp_config.vf_coef": 0.8}, "score": 0.9694843292236328, "budget_used": 1280000, "total_wallclock_time": -1317.4344990253448, "total_optimization_time": 0.1943502426147461}
{"config": {"hp_config.clip_eps": 0.09673115875247712, "hp_config.ent_coef": 0.4, "hp_config.gae_lambda": 0.8758360145082271, "hp_config.learning_rate": 0.03991928762389721, "hp_config.max_grad_norm": 0.6644253257952413, "hp_config.minibatch_size": 128, "hp_config.normalize_advantage": true, "hp_config.vf_clip_eps": 0.3548795154068686, "hp_config.vf_coef": 0.96}, "score": 0.9694843292236328, "budget_used": 1440000, "total_wallclock_time": -1495.3191249370575, "total_optimization_time": 0.21945810317993164}
{"config": {"hp_config.clip_eps": 0.0773849270019817, "hp_config.ent_coef": 0.32000000000000006, "hp_config.gae_lambda": 0.912912440660928, "hp_config.learning_rate": 0.04790314514867666, "hp_config.max_grad_norm": 0.5315402606361931, "hp_config.minibatch_size": 128, "hp_config.normalize_advantage": true, "hp_config.vf_clip_eps": 0.42585541848824227, "hp_config.vf_coef": 1.0}, "score": 0.9694843292236328, "budget_used": 1600000, "total_wallclock_time": -1661.4541709423065, "total_optimization_time": 0.2466297149658203}
{"config": {"hp_config.clip_eps": 0.0773849270019817, "hp_config.ent_coef": 0.32000000000000006, "hp_config.gae_lambda": 0.912912440660928, "hp_config.learning_rate": 0.04790314514867666, "hp_config.max_grad_norm": 0.5315402606361931, "hp_config.minibatch_size": 128, "hp_config.normalize_advantage": true, "hp_config.vf_clip_eps": 0.42585541848824227, "hp_config.vf_coef": 1.0}, "score": 0.9694843292236328, "budget_used": 1610000, "total_wallclock_time": -1670.8652951717377, "total_optimization_time": 0.2543008327484131}
