{"config": {"hp_config.clip_eps": 0.2744067519636624, "hp_config.ent_coef": 0.21182739966945235, "hp_config.gae_lambda": 0.9926361858241558, "hp_config.learning_rate": 0.0006921859910208612, "hp_config.max_grad_norm": 0.02021839744032572, "hp_config.minibatch_size": 128, "hp_config.normalize_advantage": true, "hp_config.vf_clip_eps": 0.26092416087503584, "hp_config.vf_coef": 0.45615033221654855}, "score": 369.94219970703125, "budget_used": 12500.0, "total_wallclock_time": -32.340707778930664, "total_optimization_time": 0.0009169578552246094}
{"config": {"hp_config.clip_eps": 0.35759468318620974, "hp_config.ent_coef": 0.32294705653332806, "hp_config.gae_lambda": 0.876649959613273, "hp_config.learning_rate": 0.04246031301768214, "hp_config.max_grad_norm": 0.832619845547938, "hp_config.minibatch_size": 128, "hp_config.normalize_advantage": false, "hp_config.vf_clip_eps": 0.2073309699952618, "hp_config.vf_coef": 0.5684339488686485}, "score": 218.38046264648438, "budget_used": 25000.0, "total_wallclock_time": -60.053833961486816, "total_optimization_time": 0.002627134323120117}
{"config": {"hp_config.clip_eps": 0.30138168803582194, "hp_config.ent_coef": 0.21879360563134626, "hp_config.gae_lambda": 0.9582658351127247, "hp_config.learning_rate": 2.265584636656665e-06, "hp_config.max_grad_norm": 0.7781567509498505, "hp_config.minibatch_size": 64, "hp_config.normalize_advantage": true, "hp_config.vf_clip_eps": 0.13227780605231348, "hp_config.vf_coef": 0.018789800436355142}, "score": 110.4859390258789, "budget_used": 37500.0, "total_wallclock_time": -88.81536889076233, "total_optimization_time": 0.0053441524505615234}
{"config": {"hp_config.clip_eps": 0.30138168803582194, "hp_config.ent_coef": 0.21879360563134626, "hp_config.gae_lambda": 0.9582658351127247, "hp_config.learning_rate": 2.265584636656665e-06, "hp_config.max_grad_norm": 0.7781567509498505, "hp_config.minibatch_size": 64, "hp_config.normalize_advantage": true, "hp_config.vf_clip_eps": 0.13227780605231348, "hp_config.vf_coef": 0.018789800436355142}, "score": 110.4859390258789, "budget_used": 50000.0, "total_wallclock_time": -116.4060890674591, "total_optimization_time": 0.007098674774169922}
{"config": {"hp_config.clip_eps": 0.30138168803582194, "hp_config.ent_coef": 0.21879360563134626, "hp_config.gae_lambda": 0.9582658351127247, "hp_config.learning_rate": 2.265584636656665e-06, "hp_config.max_grad_norm": 0.7781567509498505, "hp_config.minibatch_size": 64, "hp_config.normalize_advantage": true, "hp_config.vf_clip_eps": 0.13227780605231348, "hp_config.vf_coef": 0.018789800436355142}, "score": 110.4859390258789, "budget_used": 62500.0, "total_wallclock_time": -145.5897879600525, "total_optimization_time": 0.00937962532043457}
{"config": {"hp_config.clip_eps": 0.30138168803582194, "hp_config.ent_coef": 0.21879360563134626, "hp_config.gae_lambda": 0.9582658351127247, "hp_config.learning_rate": 2.265584636656665e-06, "hp_config.max_grad_norm": 0.7781567509498505, "hp_config.minibatch_size": 64, "hp_config.normalize_advantage": true, "hp_config.vf_clip_eps": 0.13227780605231348, "hp_config.vf_coef": 0.018789800436355142}, "score": 110.4859390258789, "budget_used": 75000.0, "total_wallclock_time": -173.39527201652527, "total_optimization_time": 0.011001825332641602}
{"config": {"hp_config.clip_eps": 0.30138168803582194, "hp_config.ent_coef": 0.21879360563134626, "hp_config.gae_lambda": 0.9582658351127247, "hp_config.learning_rate": 2.265584636656665e-06, "hp_config.max_grad_norm": 0.7781567509498505, "hp_config.minibatch_size": 64, "hp_config.normalize_advantage": true, "hp_config.vf_clip_eps": 0.13227780605231348, "hp_config.vf_coef": 0.018789800436355142}, "score": 110.4859390258789, "budget_used": 87500.0, "total_wallclock_time": -202.88818216323853, "total_optimization_time": 0.01275014877319336}
{"config": {"hp_config.clip_eps": 0.30138168803582194, "hp_config.ent_coef": 0.21879360563134626, "hp_config.gae_lambda": 0.9582658351127247, "hp_config.learning_rate": 2.265584636656665e-06, "hp_config.max_grad_norm": 0.7781567509498505, "hp_config.minibatch_size": 64, "hp_config.normalize_advantage": true, "hp_config.vf_clip_eps": 0.13227780605231348, "hp_config.vf_coef": 0.018789800436355142}, "score": 110.4859390258789, "budget_used": 100000.0, "total_wallclock_time": -232.7181351184845, "total_optimization_time": 0.014698266983032227}
{"config": {"hp_config.clip_eps": 0.30138168803582194, "hp_config.ent_coef": 0.21879360563134626, "hp_config.gae_lambda": 0.9582658351127247, "hp_config.learning_rate": 2.265584636656665e-06, "hp_config.max_grad_norm": 0.7781567509498505, "hp_config.minibatch_size": 64, "hp_config.normalize_advantage": true, "hp_config.vf_clip_eps": 0.13227780605231348, "hp_config.vf_coef": 0.018789800436355142}, "score": 110.4859390258789, "budget_used": 125000.0, "total_wallclock_time": -262.8500699996948, "total_optimization_time": 0.01714944839477539}
{"config": {"hp_config.clip_eps": 0.30138168803582194, "hp_config.ent_coef": 0.21879360563134626, "hp_config.gae_lambda": 0.9582658351127247, "hp_config.learning_rate": 2.265584636656665e-06, "hp_config.max_grad_norm": 0.7781567509498505, "hp_config.minibatch_size": 64, "hp_config.normalize_advantage": true, "hp_config.vf_clip_eps": 0.13227780605231348, "hp_config.vf_coef": 0.018789800436355142}, "score": 110.4859390258789, "budget_used": 150000.0, "total_wallclock_time": -291.5158338546753, "total_optimization_time": 0.019347429275512695}
{"config": {"hp_config.clip_eps": 0.30138168803582194, "hp_config.ent_coef": 0.21879360563134626, "hp_config.gae_lambda": 0.9582658351127247, "hp_config.learning_rate": 2.265584636656665e-06, "hp_config.max_grad_norm": 0.7781567509498505, "hp_config.minibatch_size": 64, "hp_config.normalize_advantage": true, "hp_config.vf_clip_eps": 0.13227780605231348, "hp_config.vf_coef": 0.018789800436355142}, "score": 110.4859390258789, "budget_used": 175000.0, "total_wallclock_time": -321.1076500415802, "total_optimization_time": 0.02187347412109375}
{"config": {"hp_config.clip_eps": 0.30138168803582194, "hp_config.ent_coef": 0.21879360563134626, "hp_config.gae_lambda": 0.9582658351127247, "hp_config.learning_rate": 2.265584636656665e-06, "hp_config.max_grad_norm": 0.7781567509498505, "hp_config.minibatch_size": 64, "hp_config.normalize_advantage": true, "hp_config.vf_clip_eps": 0.13227780605231348, "hp_config.vf_coef": 0.018789800436355142}, "score": 110.4859390258789, "budget_used": 200000.0, "total_wallclock_time": -352.30900406837463, "total_optimization_time": 0.02475738525390625}
{"config": {"hp_config.clip_eps": 0.30138168803582194, "hp_config.ent_coef": 0.21879360563134626, "hp_config.gae_lambda": 0.9582658351127247, "hp_config.learning_rate": 2.265584636656665e-06, "hp_config.max_grad_norm": 0.7781567509498505, "hp_config.minibatch_size": 64, "hp_config.normalize_advantage": true, "hp_config.vf_clip_eps": 0.13227780605231348, "hp_config.vf_coef": 0.018789800436355142}, "score": 110.4859390258789, "budget_used": 250000.0, "total_wallclock_time": -388.8829278945923, "total_optimization_time": 0.02828216552734375}
{"config": {"hp_config.clip_eps": 0.30138168803582194, "hp_config.ent_coef": 0.21879360563134626, "hp_config.gae_lambda": 0.9582658351127247, "hp_config.learning_rate": 2.265584636656665e-06, "hp_config.max_grad_norm": 0.7781567509498505, "hp_config.minibatch_size": 64, "hp_config.normalize_advantage": true, "hp_config.vf_clip_eps": 0.13227780605231348, "hp_config.vf_coef": 0.018789800436355142}, "score": 110.4859390258789, "budget_used": 300000.0, "total_wallclock_time": -420.2521941661835, "total_optimization_time": 0.030804872512817383}
{"config": {"hp_config.clip_eps": 0.30138168803582194, "hp_config.ent_coef": 0.21879360563134626, "hp_config.gae_lambda": 0.9582658351127247, "hp_config.learning_rate": 2.265584636656665e-06, "hp_config.max_grad_norm": 0.7781567509498505, "hp_config.minibatch_size": 64, "hp_config.normalize_advantage": true, "hp_config.vf_clip_eps": 0.13227780605231348,