{"config": {"hp_config.clip_eps": 0.2744067519636624, "hp_config.ent_coef": 0.21182739966945235, "hp_config.gae_lambda": 0.9926361858241558, "hp_config.learning_rate": 0.0006921859910208612, "hp_config.max_grad_norm": 0.02021839744032572, "hp_config.minibatch_size": 128, "hp_config.normalize_advantage": true, "hp_config.vf_clip_eps": 0.26092416087503584, "hp_config.vf_coef": 0.45615033221654855}, "score": 369.94219970703125, "budget_used": 12500.0, "total_wallclock_time": -30.56406593322754, "total_optimization_time": 0.0007917881011962891}
{"config": {"hp_config.clip_eps": 0.2744067519636624, "hp_config.ent_coef": 0.21182739966945235, "hp_config.gae_lambda": 0.9926361858241558, "hp_config.learning_rate": 0.0006921859910208612, "hp_config.max_grad_norm": 0.02021839744032572, "hp_config.minibatch_size": 128, "hp_config.normalize_advantage": true, "hp_config.vf_clip_eps": 0.26092416087503584, "hp_config.vf_coef": 0.45615033221654855}, "score": 369.94219970703125, "budget_used": 25000.0, "total_wallclock_time": -58.113845109939575, "total_optimization_time": 0.00331878662109375}
{"config": {"hp_config.clip_eps": 0.2744067519636624, "hp_config.ent_coef": 0.21182739966945235, "hp_config.gae_lambda": 0.9926361858241558, "hp_config.learning_rate": 0.0006921859910208612, "hp_config.max_grad_norm": 0.02021839744032572, "hp_config.minibatch_size": 128, "hp_config.normalize_advantage": true, "hp_config.vf_clip_eps": 0.26092416087503584, "hp_config.vf_coef": 0.45615033221654855}, "score": 369.94219970703125, "budget_used": 37500.0, "total_wallclock_time": -87.25738000869751, "total_optimization_time": 0.00477290153503418}
{"config": {"hp_config.clip_eps": 0.2744067519636624, "hp_config.ent_coef": 0.21182739966945235, "hp_config.gae_lambda": 0.9926361858241558, "hp_config.learning_rate": 0.0006921859910208612, "hp_config.max_grad_norm": 0.02021839744032572, "hp_config.minibatch_size": 128, "hp_config.normalize_advantage": true, "hp_config.vf_clip_eps": 0.26092416087503584, "hp_config.vf_coef": 0.45615033221654855}, "score": 369.94219970703125, "budget_used": 50000.0, "total_wallclock_time": -117.09032392501831, "total_optimization_time": 0.0065250396728515625}
{"config": {"hp_config.clip_eps": 0.2744067519636624, "hp_config.ent_coef": 0.21182739966945235, "hp_config.gae_lambda": 0.9926361858241558, "hp_config.learning_rate": 0.0006921859910208612, "hp_config.max_grad_norm": 0.02021839744032572, "hp_config.minibatch_size": 128, "hp_config.normalize_advantage": true, "hp_config.vf_clip_eps": 0.26092416087503584, "hp_config.vf_coef": 0.45615033221654855}, "score": 369.94219970703125, "budget_used": 62500.0, "total_wallclock_time": -147.68360996246338, "total_optimization_time": 0.008818864822387695}
{"config": {"hp_config.clip_eps": 0.2744067519636624, "hp_config.ent_coef": 0.21182739966945235, "hp_config.gae_lambda": 0.9926361858241558, "hp_config.learning_rate": 0.0006921859910208612, "hp_config.max_grad_norm": 0.02021839744032572, "hp_config.minibatch_size": 128, "hp_config.normalize_advantage": true, "hp_config.vf_clip_eps": 0.26092416087503584, "hp_config.vf_coef": 0.45615033221654855}, "score": 369.94219970703125, "budget_used": 75000.0, "total_wallclock_time": -178.82498288154602, "total_optimization_time": 0.011478662490844727}
{"config": {"hp_config.clip_eps": 0.10443837804741735, "hp_config.ent_coef": 0.08065475894249813, "hp_config.gae_lambda": 0.9305563542605332, "hp_config.learning_rate": 1.846962223200756e-05, "hp_config.max_grad_norm": 0.4663107728563063, "hp_config.minibatch_size": 32, "hp_config.normalize_advantage": true, "hp_config.vf_clip_eps": 0.05518757058215257, "hp_config.vf_coef": 0.6563295894652734}, "score": 443.1820373535156, "budget_used": 87500.0, "total_wallclock_time": -210.73960304260254, "total_optimization_time": 0.013808250427246094}
{"config": {"hp_config.clip_eps": 0.10443837804741735, "hp_config.ent_coef": 0.08065475894249813, "hp_config.gae_lambda": 0.9305563542605332, "hp_config.learning_rate": 1.846962223200756e-05, "hp_config.max_grad_norm": 0.4663107728563063, "hp_config.minibatch_size": 32, "hp_config.normalize_advantage": true, "hp_config.vf_clip_eps": 0.05518757058215257, "hp_config.vf_coef": 0.6563295894652734}, "score": 443.1820373535156, "budget_used": 100000.0, "total_wallclock_time": -239.80723094940186, "total_optimization_time": 0.016404390335083008}
{"config": {"hp_config.clip_eps": 0.10443837804741735, "hp_config.ent_coef": 0.08065475894249813, "hp_config.gae_lambda": 0.9305563542605332, "hp_config.learning_rate": 1.846962223200756e-05, "hp_config.max_grad_norm": 0.4663107728563063, "hp_config.minibatch_size": 32, "hp_config.normalize_advantage": true, "hp_config.vf_clip_eps": 0.05518757058215257, "hp_config.vf_coef": 0.6563295894652734}, "score": 451.5765686035156, "budget_used": 125000.0, "total_wallclock_time": -274.61320090293884, "total_optimization_time": 0.018947362899780273}
{"config": {"hp_config.clip_eps": 0.10443837804741735, "hp_config.ent_coef": 0.08065475894249813, "hp_config.gae_lambda": 0.9305563542605332, "hp_config.learning_rate": 1.846962223200756e-05, "hp_config.max_grad_norm": 0.4663107728563063, "hp_config.minibatch_size": 32, "hp_config.normalize_advantage": true, "hp_config.vf_clip_eps": 0.05518757058215257, "hp_config.vf_coef": 0.6563295894652734}, "score": 451.5765686035156, "budget_used": 150000.0, "total_wallclock_time": -307.6732909679413, "total_optimization_time": 0.021470308303833008}
{"config": {"hp_config.clip_eps": 0.2744067519636624, "hp_config.ent_coef": 0.21182739966945235, "hp_config.gae_lambda": 0.9926361858241558, "hp_config.learning_rate": 0.0006921859910208612, "hp_config.max_grad_norm": 0.02021839744032572, "hp_config.minibatch_size": 128, "hp_config.normalize_advantage": true, "hp_config.vf_clip_eps": 0.26092416087503584, "hp_config.vf_coef": 0.45615033221654855}, "score": 452.1429748535156, "budget_used": 175000.0, "total_wallclock_time": -338.4099280834198, "total_optimization_time": 0.024550199508666992}
{"config": {"hp_config.clip_eps": 0.2744067519636624, "hp_config.ent_coef": 0.21182739966945235, "hp_config.gae_lambda": 0.9926361858241558, "hp_config.learning_rate": 0.0006921859910208612, "hp_config.max_grad_norm": 0.02021839744032572, "hp_config.minibatch_size": 128, "hp_config.normalize_advantage": true, "hp_config.vf_clip_eps": 0.26092416087503584, "hp_config.vf_coef": 0.45615033221654855}, "score": 452.1429748535156, "budget_used": 200000.0, "total_wallclock_time": -369.3257658481598, "total_optimization_time": 0.026969194412231445}
{"config": {"hp_config.clip_eps": 0.2744067519636624, "hp_config.ent_coef": 0.21182739966945235, "hp_config.gae_lambda": 0.9926361858241558, "hp_config.learning_rate": 0.0006921859910208612, "hp_config.max_grad_norm": 0.02021839744032572, "hp_config.minibatch_size": 128, "hp_config.normalize_advantage": true, "hp_config.vf_clip_eps": 0.26092416087503584, "hp_config.vf_coef": 0.45615033221654855}, "score": 452.1429748535156, "budget_used": 250000.0, "total_wallclock_time": -407.35574197769165, "total_optimization_time": 0.029715299606323242}
{"config": {"hp_config.clip_eps": 0.10443837804741735, "hp_config.ent_coef": 0.08065475894249813, "hp_config.gae_lambda": 0.9305563542605332, "hp_config.learning_rate": 1.846962223200756e-05, "hp_config.max_grad_norm": 0.4663107728563063, "hp_config.minibatch_size": 32, "hp_config.normalize_advantage": true, "hp_config.vf_clip_eps": 0.05518757058215257, "hp_config.vf_coef": 0.6563295894652734}, "score": 472.23907470703125, "budget_used": 300000.0, "total_wallclock_time": -445.7809920310974, "total_optimization_time": 0.03243732452392578}
{"config": {"hp_config.clip_eps": 0.10443837804741735, "hp_config.ent_coef": 0.08065475894249813, "hp_config.gae_lambda": 0.9305563542605332, "hp_config.learning_rate": 1.846962223200756e-05, "hp_config.max_grad_norm": 0.4663107728563063, "hp_config.minibatch_size": 32, "hp_config.normalize_advantage": true, "hp_config.vf_clip_eps": 0.05518757058215257,