{"config": {"hp_config.clip_eps": 0.19172075941288885, "hp_config.ent_coef": 0.3958625190413323, "hp_config.gae_lambda": 0.9057260944586056, "hp_config.learning_rate": 0.0006921859910208612, "hp_config.max_grad_norm": 0.925596638292661, "hp_config.minibatch_size": 32, "hp_config.normalize_advantage": true, "hp_config.vf_clip_eps": 0.01010919872016286, "hp_config.vf_coef": 0.832619845547938}, "score": 500.0, "budget_used": 160000, "total_wallclock_time": -43.98676085472107, "total_optimization_time": 0.0007679462432861328}
{"config": {"hp_config.clip_eps": 0.2300649112954666, "hp_config.ent_coef": 0.35933368860009546, "hp_config.gae_lambda": 0.9999, "hp_config.learning_rate": 0.000553748792816689, "hp_config.max_grad_norm": 0.7404773106341289, "hp_config.minibatch_size": 32, "hp_config.normalize_advantage": true, "hp_config.vf_clip_eps": 0.008087358976130289, "hp_config.vf_coef": 0.8265982296372406}, "score": 500.0, "budget_used": 320000, "total_wallclock_time": -86.65299081802368, "total_optimization_time": 0.03810882568359375}
{"config": {"hp_config.clip_eps": 0.27970361516739983, "hp_config.ent_coef": 0.4312004263201145, "hp_config.gae_lambda": 0.9999, "hp_config.learning_rate": 6.877476499929591e-06, "hp_config.max_grad_norm": 0.8885727727609547, "hp_config.minibatch_size": 32, "hp_config.normalize_advantage": true, "hp_config.vf_clip_eps": 0.24869782848815392, "hp_config.vf_coef": 0.9919178755646887}, "score": 500.0, "budget_used": 480000, "total_wallclock_time": -128.42681097984314, "total_optimization_time": 0.06570291519165039}
{"config": {"hp_config.clip_eps": 0.3356443382008798, "hp_config.ent_coef": 0.5, "hp_config.gae_lambda": 0.8877750978872281, "hp_config.learning_rate": 8.25297179991551e-06, "hp_config.max_grad_norm": 0.17498353169568948, "hp_config.minibatch_size": 32, "hp_config.normalize_advantage": true, "hp_config.vf_clip_eps": 0.2984373941857847, "hp_config.vf_coef": 0.057346721902538644}, "score": 500.0, "budget_used": 640000, "total_wallclock_time": -169.48179697990417, "total_optimization_time": 0.07551884651184082}
{"config": {"hp_config.clip_eps": 0.40277320584105575, "hp_config.ent_coef": 0.30102082143667325, "hp_config.gae_lambda": 0.9999, "hp_config.learning_rate": 6.602377439932415e-06, "hp_config.max_grad_norm": 0.20998023803482738, "hp_config.minibatch_size": 32, "hp_config.normalize_advantage": true, "hp_config.vf_clip_eps": 0.4118805490181652, "hp_config.vf_coef": 0.1528611809680468}, "score": 500.0, "budget_used": 800000, "total_wallclock_time": -211.82526993751526, "total_optimization_time": 0.08540987968444824}
{"config": {"hp_config.clip_eps": 0.3222185646728446, "hp_config.ent_coef": 0.24081665714933861, "hp_config.gae_lambda": 0.9999, "hp_config.learning_rate": 5.281901951945937e-06, "hp_config.max_grad_norm": 0.16798419042786192, "hp_config.minibatch_size": 32, "hp_config.normalize_advantage": false, "hp_config.vf_clip_eps": 0.32950443921453215, "hp_config.vf_coef": 0.12228894477443744}, "score": 500.0, "budget_used": 960000, "total_wallclock_time": -256.1257951259613, "total_optimization_time": 0.09682464599609375}
{"config": {"hp_config.clip_eps": 0.2577748517382757, "hp_config.ent_coef": 0.2830211877910588, "hp_config.gae_lambda": 0.8, "hp_config.learning_rate": 6.338282342335126e-06, "hp_config.max_grad_norm": 0.2015810285134343, "hp_config.minibatch_size": 32, "hp_config.normalize_advantage": false, "hp_config.vf_clip_eps": 0.3954053270574386, "hp_config.vf_coef": 0.47462420453622445}, "score": 500.0, "budget_used": 1120000, "total_wallclock_time": -299.18404603004456, "total_optimization_time": 0.11057639122009277}
{"config": {"hp_config.clip_eps": 0.3093298220859308, "hp_config.ent_coef": 0.22641695023284703, "hp_config.gae_lambda": 0.96, "hp_config.learning_rate": 5.0706258738680965e-06, "hp_config.max_grad_norm": 0.8912711223671316, "hp_config.minibatch_size": 32, "hp_config.normalize_advantage": false, "hp_config.vf_clip_eps": 0.47448639246892627, "hp_config.vf_coef": 0.5695490454434693}, "score": 500.0, "budget_used": 1280000, "total_wallclock_time": -342.6139430999756, "total_optimization_time": 0.12398624420166016}
{"config": {"hp_config.clip_eps": 0.2745859937864852, "hp_config.ent_coef": 0.2717003402794164, "hp_config.gae_lambda": 0.8933449653204286, "hp_config.learning_rate": 0.009760628292090847, "hp_config.max_grad_norm": 0.7130168978937053, "hp_config.minibatch_size": 32, "hp_config.normalize_advantage": false, "hp_config.vf_clip_eps": 0.45606080676702604, "hp_config.vf_coef": 0.9032560063481359}, "score": 500.0, "budget_used": 1440000, "total_wallclock_time": -385.5861279964447, "total_optimization_time": 0.13657307624816895}
{"config": {"hp_config.clip_eps": 0.3295031925437822, "hp_config.ent_coef": 0.21736027222353316, "hp_config.gae_lambda": 0.9999, "hp_config.learning_rate": 0.01171275395050902, "hp_config.max_grad_norm": 0.8556202774724463, "hp_config.minibatch_size": 32, "hp_config.normalize_advantage": false, "hp_config.vf_clip_eps": 0.36484864541362083, "hp_config.vf_coef": 1.0}, "score": 500.0, "budget_used": 1600000, "total_wallclock_time": -428.7533440589905, "total_optimization_time": 0.15061116218566895}
{"config": {"hp_config.clip_eps": 0.3295031925437822, "hp_config.ent_coef": 0.21736027222353316, "hp_config.gae_lambda": 0.9999, "hp_config.learning_rate": 0.01171275395050902, "hp_config.max_grad_norm": 0.8556202774724463, "hp_config.minibatch_size": 32, "hp_config.normalize_advantage": false, "hp_config.vf_clip_eps": 0.36484864541362083, "hp_config.vf_coef": 1.0}, "score": 500.0, "budget_used": 1610000, "total_wallclock_time": -431.3886909484863, "total_optimization_time": 0.1581733226776123}
