{"config": {"hp_config.clip_eps": 0.2744067519636624, "hp_config.ent_coef": 0.21182739966945235, "hp_config.gae_lambda": 0.9926361858241558, "hp_config.learning_rate": 0.0006921859910208612, "hp_config.max_grad_norm": 0.02021839744032572, "hp_config.minibatch_size": 128, "hp_config.normalize_advantage": true, "hp_config.vf_clip_eps": 0.26092416087503584, "hp_config.vf_coef": 0.45615033221654855}, "score": 0.9676070213317871, "budget_used": 12500.0, "total_wallclock_time": -100.01818919181824, "total_optimization_time": 0.0008852481842041016}
{"config": {"hp_config.clip_eps": 0.2744067519636624, "hp_config.ent_coef": 0.21182739966945235, "hp_config.gae_lambda": 0.9926361858241558, "hp_config.learning_rate": 0.0006921859910208612, "hp_config.max_grad_norm": 0.02021839744032572, "hp_config.minibatch_size": 128, "hp_config.normalize_advantage": true, "hp_config.vf_clip_eps": 0.26092416087503584, "hp_config.vf_coef": 0.45615033221654855}, "score": 0.9676070213317871, "budget_used": 25000.0, "total_wallclock_time": -202.35912418365479, "total_optimization_time": 0.002735137939453125}
{"config": {"hp_config.clip_eps": 0.2744067519636624, "hp_config.ent_coef": 0.21182739966945235, "hp_config.gae_lambda": 0.9926361858241558, "hp_config.learning_rate": 0.0006921859910208612, "hp_config.max_grad_norm": 0.02021839744032572, "hp_config.minibatch_size": 128, "hp_config.normalize_advantage": true, "hp_config.vf_clip_eps": 0.26092416087503584, "hp_config.vf_coef": 0.45615033221654855}, "score": 0.9676070213317871, "budget_used": 37500.0, "total_wallclock_time": -308.82219433784485, "total_optimization_time": 0.004604816436767578}
{"config": {"hp_config.clip_eps": 0.2744067519636624, "hp_config.ent_coef": 0.21182739966945235, "hp_config.gae_lambda": 0.9926361858241558, "hp_config.learning_rate": 0.0006921859910208612, "hp_config.max_grad_norm": 0.02021839744032572, "hp_config.minibatch_size": 128, "hp_config.normalize_advantage": true, "hp_config.vf_clip_eps": 0.26092416087503584, "hp_config.vf_coef": 0.45615033221654855}, "score": 0.9676070213317871, "budget_used": 50000.0, "total_wallclock_time": -415.41120624542236, "total_optimization_time": 0.007265567779541016}
{"config": {"hp_config.clip_eps": 0.2744067519636624, "hp_config.ent_coef": 0.21182739966945235, "hp_config.gae_lambda": 0.9926361858241558, "hp_config.learning_rate": 0.0006921859910208612, "hp_config.max_grad_norm": 0.02021839744032572, "hp_config.minibatch_size": 128, "hp_config.normalize_advantage": true, "hp_config.vf_clip_eps": 0.26092416087503584, "hp_config.vf_coef": 0.45615033221654855}, "score": 0.9676070213317871, "budget_used": 62500.0, "total_wallclock_time": -522.6941912174225, "total_optimization_time": 0.009995698928833008}
{"config": {"hp_config.clip_eps": 0.2744067519636624, "hp_config.ent_coef": 0.21182739966945235, "hp_config.gae_lambda": 0.9926361858241558, "hp_config.learning_rate": 0.0006921859910208612, "hp_config.max_grad_norm": 0.02021839744032572, "hp_config.minibatch_size": 128, "hp_config.normalize_advantage": true, "hp_config.vf_clip_eps": 0.26092416087503584, "hp_config.vf_coef": 0.45615033221654855}, "score": 0.9676070213317871, "budget_used": 75000.0, "total_wallclock_time": -636.8152191638947, "total_optimization_time": 0.013185739517211914}
{"config": {"hp_config.clip_eps": 0.2744067519636624, "hp_config.ent_coef": 0.21182739966945235, "hp_config.gae_lambda": 0.9926361858241558, "hp_config.learning_rate": 0.0006921859910208612, "hp_config.max_grad_norm": 0.02021839744032572, "hp_config.minibatch_size": 128, "hp_config.normalize_advantage": true, "hp_config.vf_clip_eps": 0.26092416087503584, "hp_config.vf_coef": 0.45615033221654855}, "score": 0.9676070213317871, "budget_used": 87500.0, "total_wallclock_time": -755.8944041728973, "total_optimization_time": 0.017830610275268555}
{"config": {"hp_config.clip_eps": 0.2744067519636624, "hp_config.ent_coef": 0.21182739966945235, "hp_config.gae_lambda": 0.9926361858241558, "hp_config.learning_rate": 0.0006921859910208612, "hp_config.max_grad_norm": 0.02021839744032572, "hp_config.minibatch_size": 128, "hp_config.normalize_advantage": true, "hp_config.vf_clip_eps": 0.26092416087503584, "hp_config.vf_coef": 0.45615033221654855}, "score": 0.9676070213317871, "budget_used": 100000.0, "total_wallclock_time": -867.4701790809631, "total_optimization_time": 0.023602724075317383}
{"config": {"hp_config.clip_eps": 0.2744067519636624, "hp_config.ent_coef": 0.21182739966945235, "hp_config.gae_lambda": 0.9926361858241558, "hp_config.learning_rate": 0.0006921859910208612, "hp_config.max_grad_norm": 0.02021839744032572, "hp_config.minibatch_size": 128, "hp_config.normalize_advantage": true, "hp_config.vf_clip_eps": 0.26092416087503584, "hp_config.vf_coef": 0.45615033221654855}, "score": 0.9676913022994995, "budget_used": 125000.0, "total_wallclock_time": -988.2639782428741, "total_optimization_time": 0.028232812881469727}
{"config": {"hp_config.clip_eps": 0.2744067519636624, "hp_config.ent_coef": 0.21182739966945235, "hp_config.gae_lambda": 0.9926361858241558, "hp_config.learning_rate": 0.0006921859910208612, "hp_config.max_grad_norm": 0.02021839744032572, "hp_config.minibatch_size": 128, "hp_config.normalize_advantage": true, "hp_config.vf_clip_eps": 0.26092416087503584, "hp_config.vf_coef": 0.45615033221654855}, "score": 0.9676913022994995, "budget_used": 150000.0, "total_wallclock_time": -1105.914801120758, "total_optimization_time": 0.03206276893615723}
{"config": {"hp_config.clip_eps": 0.2744067519636624, "hp_config.ent_coef": 0.21182739966945235, "hp_config.gae_lambda": 0.9926361858241558, "hp_config.learning_rate": 0.0006921859910208612, "hp_config.max_grad_norm": 0.02021839744032572, "hp_config.minibatch_size": 128, "hp_config.normalize_advantage": true, "hp_config.vf_clip_eps": 0.26092416087503584, "hp_config.vf_coef": 0.45615033221654855}, "score": 0.9676913022994995, "budget_used": 175000.0, "total_wallclock_time": -1224.8273961544037, "total_optimization_time": 0.037091732025146484}
{"config": {"hp_config.clip_eps": 0.2744067519636624, "hp_config.ent_coef": 0.21182739966945235, "hp_config.gae_lambda": 0.9926361858241558, "hp_config.learning_rate": 0.0006921859910208612, "hp_config.max_grad_norm": 0.02021839744032572, "hp_config.minibatch_size": 128, "hp_config.normalize_advantage": true, "hp_config.vf_clip_eps": 0.26092416087503584, "hp_config.vf_coef": 0.45615033221654855}, "score": 0.9676913022994995, "budget_used": 200000.0, "total_wallclock_time": -1346.4110190868378, "total_optimization_time": 0.06232881546020508}
{"config": {"hp_config.clip_eps": 0.2744067519636624, "hp_config.ent_coef": 0.21182739966945235, "hp_config.gae_lambda": 0.9926361858241558, "hp_config.learning_rate": 0.0006921859910208612, "hp_config.max_grad_norm": 0.02021839744032572, "hp_config.minibatch_size": 128, "hp_config.normalize_advantage": true, "hp_config.vf_clip_eps": 0.26092416087503584, "hp_config.vf_coef": 0.45615033221654855}, "score": 0.967888355255127, "budget_used": 250000.0, "total_wallclock_time": -1474.3787152767181, "total_optimization_time": 0.07513689994812012}
{"config": {"hp_config.clip_eps": 0.2744067519636624, "hp_config.ent_coef": 0.21182739966945235, "hp_config.gae_lambda": 0.9926361858241558, "hp_config.learning_rate": 0.0006921859910208612, "hp_config.max_grad_norm": 0.02021839744032572, "hp_config.minibatch_size": 128, "hp_config.normalize_advantage": true, "hp_config.vf_clip_eps": 0.26092416087503584, "hp_config.vf_coef": 0.45615033221654855}, "score": 0.967888355255127, "budget_used": 300000.0, "total_wallclock_time": -1607.3958992958069, "total_optimization_time": 0.08045291900634766}
{"config": {"hp_config.clip_eps": 0.2744067519636624, "hp_config.ent_coef": 0.21182739966945235, "hp_config.gae_lambda": 0.9926361858241558, "hp_config.learning_rate": 0.0006921859910208612, "hp_config.max_grad_norm": 0.02021839744032572, "hp_config.minibatch_size": 128, "hp_config.normalize_advantage": true,