{"config": {"hp_config.clip_eps": 0.009596599154666763, "hp_config.ent_coef": 0.15078740833727466, "hp_config.gae_lambda": 0.9319686901447878, "hp_config.learning_rate": 2.820902242356035e-05, "hp_config.max_grad_norm": 0.6180154289988415, "hp_config.minibatch_size": 64, "hp_config.normalize_advantage": true, "hp_config.vf_clip_eps": 0.14914116297801538, "hp_config.vf_coef": 0.5699649107012649}, "score": -105.4453125, "budget_used": 320000, "total_wallclock_time": -56.42759919166565, "total_optimization_time": 0.0008070468902587891}
{"config": {"hp_config.clip_eps": 0.00767727932373341, "hp_config.ent_coef": 0.1809448900047296, "hp_config.gae_lambda": 0.9999, "hp_config.learning_rate": 3.385082690827243e-05, "hp_config.max_grad_norm": 0.49441234319907323, "hp_config.minibatch_size": 64, "hp_config.normalize_advantage": true, "hp_config.vf_clip_eps": 0.11931293038241231, "hp_config.vf_coef": 0.45597192856101193}, "score": -84.90625, "budget_used": 640000, "total_wallclock_time": -114.18768429756165, "total_optimization_time": 0.037021636962890625}
{"config": {"hp_config.clip_eps": 0.2700708074068245, "hp_config.ent_coef": 0.14475591200378368, "hp_config.gae_lambda": 0.9999, "hp_config.learning_rate": 2.708066152661792e-05, "hp_config.max_grad_norm": 0.3955298745592586, "hp_config.minibatch_size": 128, "hp_config.normalize_advantage": false, "hp_config.vf_clip_eps": 0.14317551645889476, "hp_config.vf_coef": 0.3647775428488096}, "score": -84.90625, "budget_used": 960000, "total_wallclock_time": -172.10820508003235, "total_optimization_time": 0.07956480979919434}
{"config": {"hp_config.clip_eps": 0.22636235579692615, "hp_config.ent_coef": 0.12118035517853235, "hp_config.gae_lambda": 0.8, "hp_config.learning_rate": 1.9338007111059947e-05, "hp_config.max_grad_norm": 0.2793298720839342, "hp_config.minibatch_size": 64, "hp_config.normalize_advantage": true, "hp_config.vf_clip_eps": 0.19876131953036755, "hp_config.vf_coef": 0.1763334329725925}, "score": -84.2890625, "budget_used": 1280000, "total_wallclock_time": -229.00655794143677, "total_optimization_time": 0.08990263938903809}
{"config": {"hp_config.clip_eps": 0.34370109406727894, "hp_config.ent_coef": 0.09694428414282588, "hp_config.gae_lambda": 0.96, "hp_config.learning_rate": 2.3205608533271942e-05, "hp_config.max_grad_norm": 0.33519584650072104, "hp_config.minibatch_size": 64, "hp_config.normalize_advantage": true, "hp_config.vf_clip_eps": 0.45547502640242765, "hp_config.vf_coef": 0.951825756661429}, "score": -81.640625, "budget_used": 1600000, "total_wallclock_time": -287.4705240726471, "total_optimization_time": 0.10330343246459961}
{"config": {"hp_config.clip_eps": 0.34370109406727894, "hp_config.ent_coef": 0.09694428414282588, "hp_config.gae_lambda": 0.96, "hp_config.learning_rate": 2.3205608533271942e-05, "hp_config.max_grad_norm": 0.33519584650072104, "hp_config.minibatch_size": 64, "hp_config.normalize_advantage": true, "hp_config.vf_clip_eps": 0.45547502640242765, "hp_config.vf_coef": 0.951825756661429}, "score": -81.640625, "budget_used": 1620000, "total_wallclock_time": -291.21892404556274, "total_optimization_time": 0.11816620826721191}
